ticket_id,user_id,country,issue_type,channel,priority,created_at,resolved_at,resolution_time_hours,status
1,2328,Spain,card_declined,phone,low,2024-10-17 05:09:00,2024-10-17 13:52:12,8.72,resolved
2,3667,Germany,payment_failed,email,low,2024-12-07 14:52:00,2024-12-07 17:20:12,2.47,resolved
3,1303,Germany,payment_failed,phone,medium,2024-06-24 11:54:00,2024-06-24 18:26:24,6.54,resolved
4,4432,UK,kyc_verification,email,critical,2024-08-06 23:28:00,2024-08-07 04:12:24,4.74,resolved
5,2195,Germany,card_declined,phone,critical,2024-05-12 10:33:00,2024-05-12 17:14:24,6.69,resolved
6,2140,UK,payment_failed,chat,low,2024-08-18 03:57:00,2024-08-18 07:35:24,3.64,resolved
7,1210,Spain,card_declined,email,medium,2024-10-21 21:23:00,2024-10-22 04:37:24,7.24,resolved
8,4657,Germany,kyc_verification,email,low,2024-10-31 17:42:00,2024-11-01 03:07:48,9.43,resolved
9,1972,UK,kyc_verification,phone,low,2024-01-19 05:40:00,2024-01-19 16:26:48,10.78,resolved
10,2605,Germany,login_issue,phone,high,2024-05-21 23:08:00,2024-05-22 03:57:48,4.83,resolved
11,3929,France,card_declined,email,high,2024-11-16 00:19:00,2024-11-16 11:13:36,10.91,resolved
12,4362,France,payment_failed,email,low,2024-10-29 15:15:00,2024-10-29 19:00:36,3.76,resolved
13,3269,Germany,payment_failed,email,low,2024-02-13 08:32:00,2024-02-13 19:21:12,10.82,resolved
14,4576,UK,login_issue,email,medium,2024-02-08 21:42:00,2024-02-09 06:19:12,8.62,resolved
15,3530,Italy,kyc_verification,phone,high,2024-02-27 12:56:00,2024-02-27 13:27:12,0.52,resolved
16,3994,UK,kyc_verification,phone,low,2024-06-14 22:01:00,2024-06-15 07:38:12,9.62,resolved
17,2429,Spain,login_issue,chat,high,2024-07-10 21:04:00,2024-07-11 00:50:48,3.78,resolved
18,4163,Spain,kyc_verification,email,critical,2024-01-20 23:41:00,2024-01-21 04:17:00,4.6,resolved
19,3936,Italy,login_issue,phone,critical,2024-08-07 01:51:00,2024-08-07 02:16:48,0.43,resolved
20,2329,Italy,payment_failed,email,low,2024-07-30 02:50:00,2024-07-30 10:00:12,7.17,resolved
21,2907,France,kyc_verification,email,low,2024-10-13 04:02:00,2024-10-13 04:33:48,0.53,resolved
22,4159,France,kyc_verification,phone,low,2024-01-01 04:31:00,2024-01-01 07:46:00,3.25,resolved
23,1156,UK,kyc_verification,chat,low,2024-04-13 07:09:00,2024-04-13 07:51:36,0.71,resolved
24,3401,Germany,login_issue,email,critical,2024-02-17 02:17:00,2024-02-17 08:22:24,6.09,resolved
25,2913,France,payment_failed,email,low,2024-01-29 05:22:00,2024-01-29 16:20:48,10.98,resolved
26,3983,UK,card_declined,chat,critical,2024-10-23 12:42:00,2024-10-23 14:02:24,1.34,resolved
27,2114,Germany,login_issue,phone,high,2024-10-18 00:29:00,2024-10-18 08:30:12,8.02,resolved
28,4022,Germany,payment_failed,chat,medium,2024-08-05 13:45:00,2024-08-05 14:25:12,0.67,resolved
29,1458,Spain,payment_failed,chat,low,2024-10-03 05:20:00,2024-10-03 08:51:12,3.52,resolved
30,2126,Spain,card_declined,email,high,2024-01-29 13:50:00,2024-01-30 01:23:36,11.56,resolved
31,3457,France,payment_failed,chat,critical,2024-06-11 13:54:00,2024-06-11 23:38:24,9.74,resolved
32,3667,Italy,kyc_verification,chat,medium,2024-01-02 19:33:00,2024-01-03 04:37:48,9.08,resolved
33,4523,Spain,kyc_verification,email,low,2024-04-15 12:43:00,2024-04-15 23:02:12,10.32,resolved
34,3367,UK,card_declined,email,medium,2024-08-21 14:48:00,2024-08-21 16:13:12,1.42,resolved
35,3338,Germany,payment_failed,email,critical,2024-06-24 15:32:00,2024-06-24 21:36:48,6.08,resolved
36,4170,UK,payment_failed,phone,critical,2024-02-12 09:30:00,2024-02-12 13:42:36,4.21,resolved
37,1516,UK,card_declined,chat,medium,2024-05-06 01:39:00,2024-05-06 08:01:12,6.37,resolved
38,4493,UK,login_issue,phone,high,2024-07-24 12:43:00,2024-07-24 20:25:00,7.7,resolved
39,4678,Spain,login_issue,email,high,2024-01-04 08:33:00,2024-01-04 14:44:24,6.19,resolved
40,2210,UK,payment_failed,email,low,2024-12-01 20:57:00,2024-12-01 22:14:24,1.29,resolved
41,2170,France,card_declined,email,critical,2024-02-10 09:52:00,2024-02-10 16:09:24,6.29,resolved
42,2135,Germany,login_issue,chat,medium,2024-08-11 16:29:00,2024-08-12 04:27:48,11.98,resolved
43,2436,Spain,card_declined,email,medium,2024-05-14 14:53:00,2024-05-14 21:06:48,6.23,resolved
44,1824,France,payment_failed,email,critical,2024-05-08 01:11:00,2024-05-08 02:54:12,1.72,resolved
45,1965,France,kyc_verification,phone,medium,2024-01-15 16:17:00,2024-01-15 21:09:12,4.87,resolved
46,3843,Italy,kyc_verification,chat,critical,2024-04-02 07:36:00,2024-04-02 18:56:24,11.34,resolved
47,2585,UK,payment_failed,phone,medium,2024-07-04 09:03:00,2024-07-04 09:28:48,0.43,resolved
48,1252,France,login_issue,chat,medium,2024-02-27 02:21:00,2024-02-27 06:26:24,4.09,resolved
49,3320,France,login_issue,chat,high,2024-05-14 01:08:00,2024-05-14 02:48:48,1.68,resolved
50,1608,France,login_issue,phone,critical,2024-01-05 13:58:00,2024-01-05 20:55:36,6.96,resolved
51,3801,Germany,card_declined,phone,high,2024-11-23 16:30:00,2024-11-24 00:16:48,7.78,resolved
52,3322,UK,card_declined,phone,low,2024-10-22 16:05:00,2024-10-22 18:03:12,1.97,resolved
53,4868,Italy,card_declined,phone,medium,2024-03-17 11:02:00,2024-03-17 21:47:00,10.75,resolved
54,1645,France,kyc_verification,chat,low,2024-10-06 05:41:00,2024-10-06 09:16:24,3.59,resolved
55,3473,Italy,kyc_verification,email,critical,2024-03-31 15:34:00,2024-03-31 23:13:00,7.65,resolved
56,2766,UK,kyc_verification,email,high,2024-02-03 22:06:00,2024-02-04 06:39:36,8.56,resolved
57,3824,Italy,login_issue,phone,low,2024-06-05 23:18:00,2024-06-06 06:06:00,6.8,resolved
58,1108,UK,login_issue,phone,medium,2024-03-09 10:59:00,2024-03-09 13:16:24,2.29,resolved
59,4230,Italy,kyc_verification,phone,high,2024-08-06 16:30:00,2024-08-07 00:24:00,7.9,resolved
60,4475,Italy,payment_failed,phone,critical,2024-02-24 05:11:00,2024-02-24 12:11:00,7.0,resolved
61,3367,Germany,payment_failed,phone,low,2024-10-01 05:08:00,2024-10-01 08:20:00,3.2,resolved
62,3551,Spain,login_issue,email,high,2024-01-17 07:43:00,2024-01-17 10:34:00,2.85,resolved
63,1791,UK,payment_failed,chat,medium,2024-04-07 20:45:00,2024-04-08 08:18:00,11.55,resolved
64,3591,Italy,login_issue,phone,low,2024-11-04 15:09:00,2024-11-04 22:09:36,7.01,resolved
65,4716,Italy,login_issue,email,medium,2024-05-11 20:57:00,2024-05-12 03:20:24,6.39,resolved
66,1369,France,kyc_verification,email,low,2024-07-30 12:10:00,2024-07-30 16:35:12,4.42,resolved
67,1328,France,payment_failed,email,medium,2024-12-10 23:10:00,2024-12-10 23:57:24,0.79,resolved
68,2827,Spain,card_declined,chat,high,2024-12-10 03:28:00,2024-12-10 12:47:12,9.32,resolved
69,3105,Italy,login_issue,email,low,2024-04-24 11:42:00,2024-04-24 12:12:00,0.5,resolved
70,3710,France,login_issue,chat,critical,2024-12-04 19:27:00,2024-12-05 01:56:24,6.49,resolved
71,1036,Spain,kyc_verification,email,medium,2024-08-18 07:03:00,2024-08-18 13:17:24,6.24,resolved
72,1850,Germany,payment_failed,phone,medium,2024-09-12 17:54:00,2024-09-12 22:06:36,4.21,resolved
73,2082,Spain,card_declined,phone,medium,2024-09-23 08:57:00,2024-09-23 14:12:36,5.26,resolved
74,3371,UK,payment_failed,chat,critical,2024-01-27 20:20:00,2024-01-28 04:26:36,8.11,resolved
75,1081,Italy,card_declined,phone,critical,2024-12-11 04:04:00,2024-12-11 15:25:36,11.36,resolved
76,2281,Italy,payment_failed,phone,high,2024-03-21 07:09:00,2024-03-21 07:41:24,0.54,resolved
77,3429,France,payment_failed,phone,high,2024-10-19 07:37:00,2024-10-19 17:32:48,9.93,resolved
78,4710,Germany,card_declined,chat,critical,2024-02-22 14:18:00,2024-02-22 18:07:12,3.82,resolved
79,3880,France,login_issue,email,critical,2024-11-22 06:23:00,2024-11-22 13:42:48,7.33,resolved
80,3974,UK,payment_failed,phone,low,2024-10-09 03:14:00,2024-10-09 09:31:24,6.29,resolved
81,4453,UK,card_declined,phone,medium,2024-10-07 10:11:00,2024-10-07 20:23:36,10.21,resolved
82,4892,Italy,login_issue,phone,medium,2024-06-29 03:45:00,2024-06-29 06:42:00,2.95,resolved
83,2548,Spain,payment_failed,chat,medium,2024-01-06 01:47:00,2024-01-06 08:09:12,6.37,resolved
84,4993,UK,card_declined,email,critical,2024-03-31 20:31:00,2024-04-01 07:01:36,10.51,resolved
85,4752,Germany,payment_failed,email,low,2024-04-24 09:36:00,2024-04-24 17:46:48,8.18,resolved
86,2913,Spain,kyc_verification,email,critical,2024-12-08 11:12:00,2024-12-08 22:13:12,11.02,resolved
87,3716,Spain,card_declined,chat,low,2024-02-09 12:54:00,2024-02-09 16:27:00,3.55,resolved
88,4189,Spain,payment_failed,chat,critical,2024-08-07 07:11:00,2024-08-07 10:04:24,2.89,resolved
89,3789,France,login_issue,email,high,2024-09-10 00:42:00,2024-09-10 05:19:12,4.62,resolved
90,2733,Germany,kyc_verification,phone,medium,2024-11-05 01:04:00,2024-11-05 09:05:48,8.03,resolved
91,1359,Spain,card_declined,phone,low,2024-11-01 19:05:00,2024-11-02 04:15:12,9.17,resolved
92,1732,Italy,login_issue,chat,low,2024-04-25 23:20:00,2024-04-26 11:09:48,11.83,resolved
93,5000,UK,payment_failed,phone,high,2024-01-06 21:57:00,2024-01-07 08:00:36,10.06,resolved
94,4716,Spain,kyc_verification,email,high,2024-09-03 03:20:00,2024-09-03 13:14:00,9.9,resolved
95,4428,Spain,payment_failed,chat,high,2024-08-30 21:54:00,2024-08-31 07:19:12,9.42,resolved
96,2595,Germany,card_declined,phone,critical,2024-01-14 11:10:00,2024-01-14 22:43:00,11.55,resolved
97,3095,Spain,kyc_verification,email,critical,2024-11-21 16:28:00,2024-11-21 17:09:24,0.69,resolved
98,1979,France,kyc_verification,email,high,2024-05-08 18:14:00,2024-05-08 20:47:00,2.55,resolved
99,2299,France,login_issue,phone,low,2024-03-01 03:39:00,2024-03-01 14:33:00,10.9,resolved
100,4415,Germany,kyc_verification,email,low,2024-03-20 19:19:00,2024-03-21 03:18:24,7.99,resolved
101,3184,France,card_declined,phone,critical,2024-02-12 17:28:00,2024-02-12 23:13:00,5.75,resolved
102,2721,Germany,card_declined,email,high,2024-07-25 16:59:00,2024-07-25 21:26:36,4.46,resolved
103,3249,France,login_issue,phone,medium,2024-03-21 02:00:00,2024-03-21 03:10:48,1.18,resolved
104,2379,Germany,kyc_verification,phone,low,2024-01-27 09:08:00,2024-01-27 15:38:00,6.5,resolved
105,1000,UK,login_issue,email,critical,2024-10-23 17:03:00,2024-10-23 23:54:00,6.85,resolved
106,3647,Germany,payment_failed,phone,medium,2024-11-20 10:56:00,2024-11-20 18:52:24,7.94,resolved
107,4943,Italy,kyc_verification,email,medium,2024-03-15 22:28:00,2024-03-16 03:56:12,5.47,resolved
108,3655,France,login_issue,phone,high,2024-06-26 03:55:00,2024-06-26 13:19:36,9.41,resolved
109,1918,Spain,kyc_verification,phone,critical,2024-01-17 01:44:00,2024-01-17 11:45:48,10.03,resolved
110,1464,Germany,card_declined,email,medium,2024-05-05 17:19:00,2024-05-06 02:45:24,9.44,resolved
111,1392,Spain,kyc_verification,chat,low,2024-06-26 09:12:00,2024-06-26 20:48:36,11.61,resolved
112,4596,Spain,payment_failed,email,low,2024-08-24 03:51:00,2024-08-24 15:47:24,11.94,resolved
113,4347,France,payment_failed,email,low,2024-09-07 08:09:00,2024-09-07 19:51:36,11.71,resolved
114,2595,Germany,card_declined,email,high,2024-03-27 16:52:00,2024-03-27 20:54:24,4.04,resolved
115,1438,Spain,card_declined,chat,critical,2024-03-19 10:00:00,2024-03-19 18:57:36,8.96,resolved
116,2226,Spain,login_issue,phone,high,2024-07-03 03:26:00,2024-07-03 05:05:36,1.66,resolved
117,3735,Italy,card_declined,email,medium,2024-05-24 17:27:00,2024-05-24 19:18:00,1.85,resolved
118,1217,France,card_declined,phone,low,2024-02-10 13:49:00,2024-02-11 00:34:00,10.75,resolved
119,3439,Italy,kyc_verification,email,critical,2024-01-08 06:08:00,2024-01-08 07:50:00,1.7,resolved
120,3189,France,kyc_verification,chat,low,2024-09-07 09:14:00,2024-09-07 14:45:48,5.53,resolved
121,3214,Spain,kyc_verification,email,critical,2024-04-16 10:44:00,2024-04-16 15:10:24,4.44,resolved
122,2855,Germany,login_issue,phone,low,2024-06-12 00:46:00,2024-06-12 02:02:48,1.28,resolved
123,2544,UK,login_issue,phone,low,2024-12-06 04:34:00,2024-12-06 12:14:48,7.68,resolved
124,1106,Germany,kyc_verification,email,critical,2024-12-13 01:44:00,2024-12-13 06:20:00,4.6,resolved
125,1324,France,payment_failed,email,low,2024-10-31 17:03:00,2024-10-31 19:14:24,2.19,resolved
126,2609,Spain,login_issue,chat,high,2024-08-18 11:36:00,2024-08-18 23:09:36,11.56,resolved
127,4773,UK,payment_failed,email,low,2024-07-31 23:46:00,2024-08-01 04:03:24,4.29,resolved
128,4028,France,payment_failed,email,critical,2024-11-18 00:59:00,2024-11-18 10:26:00,9.45,resolved
129,1271,France,payment_failed,phone,medium,2024-09-08 06:06:00,2024-09-08 14:57:00,8.85,resolved
130,1909,UK,kyc_verification,email,low,2024-05-26 12:46:00,2024-05-26 23:43:00,10.95,resolved
131,1481,Italy,login_issue,phone,medium,2024-09-04 20:34:00,2024-09-05 05:28:00,8.9,resolved
132,4518,Germany,card_declined,phone,medium,2024-07-18 23:45:00,2024-07-19 05:51:36,6.11,resolved
133,1285,France,kyc_verification,phone,critical,2024-05-23 11:39:00,2024-05-23 14:37:48,2.98,resolved
134,4006,UK,login_issue,email,medium,2024-09-26 06:43:00,2024-09-26 17:56:12,11.22,resolved
135,2365,France,card_declined,email,medium,2024-06-25 10:09:00,2024-06-25 20:19:12,10.17,resolved
136,3768,France,kyc_verification,email,high,2024-05-18 15:12:00,2024-05-18 15:52:12,0.67,resolved
137,4913,France,card_declined,email,critical,2024-04-27 22:28:00,2024-04-28 04:57:24,6.49,resolved
138,1814,UK,payment_failed,chat,medium,2024-12-05 18:06:00,2024-12-05 21:23:24,3.29,resolved
139,1708,Italy,kyc_verification,chat,high,2024-01-24 15:56:00,2024-01-24 19:46:24,3.84,resolved
140,4634,Spain,login_issue,email,low,2024-02-26 02:39:00,2024-02-26 12:09:00,9.5,resolved
141,4564,Germany,kyc_verification,phone,critical,2024-10-27 03:35:00,2024-10-27 12:39:48,9.08,resolved
142,1822,Italy,card_declined,chat,medium,2024-02-29 22:55:00,2024-03-01 08:25:00,9.5,resolved
143,1137,Italy,kyc_verification,email,medium,2024-07-26 13:51:00,2024-07-26 18:41:24,4.84,resolved
144,3115,Germany,login_issue,email,low,2024-02-11 16:25:00,2024-02-11 17:44:12,1.32,resolved
145,4013,France,login_issue,email,low,2024-01-22 18:23:00,2024-01-23 00:12:48,5.83,resolved
146,3852,Italy,login_issue,chat,critical,2024-01-26 02:46:00,2024-01-26 09:50:12,7.07,resolved
147,2979,UK,kyc_verification,email,medium,2024-04-07 09:49:00,2024-04-07 11:41:48,1.88,resolved
148,3887,UK,login_issue,chat,high,2024-10-15 14:40:00,2024-10-15 23:10:36,8.51,resolved
149,4116,Italy,login_issue,chat,high,2024-12-07 10:01:00,2024-12-07 10:32:12,0.52,resolved
150,1880,Italy,login_issue,chat,high,2024-03-28 09:38:00,2024-03-28 09:58:24,0.34,resolved
151,1109,Italy,login_issue,chat,high,2024-12-07 04:14:00,2024-12-07 06:51:12,2.62,resolved
152,1410,France,card_declined,phone,low,2024-06-14 08:28:00,2024-06-14 17:07:00,8.65,resolved
153,3661,Germany,payment_failed,email,medium,2024-03-24 14:53:00,2024-03-25 01:14:00,10.35,resolved
154,2943,Italy,kyc_verification,chat,low,2024-09-30 07:32:00,2024-09-30 08:33:48,1.03,resolved
155,3425,France,login_issue,chat,critical,2024-12-06 09:40:00,2024-12-06 18:37:00,8.95,resolved
156,1638,Spain,payment_failed,chat,critical,2024-07-17 16:36:00,2024-07-18 02:19:12,9.72,resolved
157,1863,UK,payment_failed,chat,medium,2024-07-10 19:55:00,2024-07-11 03:24:24,7.49,resolved
158,1448,France,card_declined,email,critical,2024-10-15 07:53:00,2024-10-15 14:26:00,6.55,resolved
159,1724,France,payment_failed,chat,critical,2024-07-30 01:28:00,2024-07-30 11:58:36,10.51,resolved
160,1120,UK,card_declined,email,low,2024-01-25 04:59:00,2024-01-25 15:12:48,10.23,resolved
161,1168,Germany,card_declined,phone,critical,2024-05-14 22:46:00,2024-05-15 07:43:36,8.96,resolved
162,1437,Spain,card_declined,chat,medium,2024-08-24 14:15:00,2024-08-24 16:56:24,2.69,resolved
163,3357,Spain,payment_failed,email,low,2024-11-26 16:23:00,2024-11-27 04:00:12,11.62,resolved
164,3657,Germany,kyc_verification,phone,medium,2024-02-07 13:39:00,2024-02-07 20:17:24,6.64,resolved
165,4502,Germany,kyc_verification,email,high,2024-06-18 22:27:00,2024-06-18 23:07:48,0.68,resolved
166,1092,France,kyc_verification,email,high,2024-01-21 06:06:00,2024-01-21 14:10:12,8.07,resolved
167,2327,Spain,card_declined,phone,critical,2024-10-10 15:50:00,2024-10-10 21:02:36,5.21,resolved
168,2760,France,login_issue,chat,medium,2024-03-08 07:32:00,2024-03-08 08:09:12,0.62,resolved
169,2637,Italy,kyc_verification,chat,medium,2024-08-09 17:24:00,2024-08-10 02:21:36,8.96,resolved
170,1164,Italy,login_issue,email,medium,2024-10-05 12:37:00,2024-10-05 20:02:48,7.43,resolved
171,3142,Spain,login_issue,email,low,2024-08-16 23:55:00,2024-08-17 04:31:00,4.6,resolved
172,1283,UK,login_issue,email,low,2024-01-28 22:51:00,2024-01-29 10:18:36,11.46,resolved
173,4292,Italy,login_issue,email,medium,2024-02-26 07:35:00,2024-02-26 11:36:12,4.02,resolved
174,1196,Italy,card_declined,chat,high,2024-04-11 10:11:00,2024-04-11 21:59:36,11.81,resolved
175,2295,France,payment_failed,phone,medium,2024-11-20 08:26:00,2024-11-20 13:46:24,5.34,resolved
176,2746,Germany,login_issue,email,high,2024-03-26 13:24:00,2024-03-26 16:41:24,3.29,resolved
177,1830,Spain,card_declined,chat,critical,2024-07-23 07:29:00,2024-07-23 15:32:36,8.06,resolved
178,3328,Spain,payment_failed,email,low,2024-04-04 20:39:00,2024-04-05 06:37:48,9.98,resolved
179,2806,Germany,login_issue,chat,critical,2024-10-27 22:30:00,2024-10-28 00:46:12,2.27,resolved
180,2617,UK,payment_failed,phone,high,2024-06-23 05:46:00,2024-06-23 07:25:36,1.66,resolved
181,3163,Germany,payment_failed,chat,low,2024-12-11 02:57:00,2024-12-11 08:21:00,5.4,resolved
182,1305,Spain,payment_failed,email,high,2024-10-07 19:16:00,2024-10-08 02:11:12,6.92,resolved
183,3753,Spain,kyc_verification,phone,low,2024-03-02 01:22:00,2024-03-02 05:47:12,4.42,resolved
184,4632,UK,payment_failed,phone,medium,2024-03-08 19:25:00,2024-03-08 23:47:12,4.37,resolved
185,4508,Germany,kyc_verification,phone,critical,2024-03-13 02:57:00,2024-03-13 12:29:24,9.54,resolved
186,3858,Spain,login_issue,chat,medium,2024-05-28 22:12:00,2024-05-29 08:17:24,10.09,resolved
187,2085,UK,kyc_verification,chat,low,2024-10-30 20:35:00,2024-10-31 06:10:24,9.59,resolved
188,2969,Germany,payment_failed,email,critical,2024-02-19 21:30:00,2024-02-20 08:18:00,10.8,resolved
189,3143,Italy,login_issue,chat,critical,2024-08-06 12:22:00,2024-08-06 23:07:00,10.75,resolved
190,4744,UK,payment_failed,phone,critical,2024-04-19 23:17:00,2024-04-20 10:38:36,11.36,resolved
191,4215,UK,card_declined,chat,critical,2024-06-28 05:59:00,2024-06-28 15:07:24,9.14,resolved
192,1785,UK,payment_failed,email,low,2024-09-08 00:50:00,2024-09-08 09:07:24,8.29,resolved
193,1748,UK,card_declined,email,low,2024-05-30 08:21:00,2024-05-30 18:26:24,10.09,resolved
194,4158,Germany,card_declined,phone,medium,2024-01-07 08:01:00,2024-01-07 11:34:00,3.55,resolved
195,3238,Italy,payment_failed,email,medium,2024-03-27 14:37:00,2024-03-27 23:49:00,9.2,resolved
196,1324,France,kyc_verification,chat,low,2024-03-16 20:48:00,2024-03-17 08:16:48,11.48,resolved
197,4612,UK,payment_failed,chat,high,2024-07-09 11:53:00,2024-07-09 22:19:24,10.44,resolved
198,4281,France,kyc_verification,phone,critical,2024-06-20 17:06:00,2024-06-21 04:36:00,11.5,resolved
199,2399,France,login_issue,chat,low,2024-10-04 17:50:00,2024-10-05 04:22:24,10.54,resolved
200,3653,France,payment_failed,email,medium,2024-12-09 15:41:00,2024-12-10 03:40:24,11.99,resolved
201,3202,Germany,card_declined,chat,low,2024-07-09 01:32:00,2024-07-09 08:10:24,6.64,resolved
202,1393,Germany,payment_failed,chat,high,2024-07-26 10:45:00,2024-07-26 11:30:00,0.75,resolved
203,3692,UK,kyc_verification,phone,critical,2024-09-04 15:49:00,2024-09-04 19:41:48,3.88,resolved
204,4604,UK,kyc_verification,email,medium,2024-11-02 11:04:00,2024-11-02 17:13:00,6.15,resolved
205,1846,France,payment_failed,email,low,2024-06-18 23:14:00,2024-06-19 04:20:00,5.1,resolved
206,1529,Germany,login_issue,email,low,2024-04-16 14:03:00,2024-04-16 19:22:12,5.32,resolved
207,2534,Italy,login_issue,phone,critical,2024-02-01 02:11:00,2024-02-01 04:36:12,2.42,resolved
208,3449,Spain,payment_failed,phone,high,2024-01-02 05:24:00,2024-01-02 12:30:36,7.11,resolved
209,2852,France,payment_failed,phone,medium,2024-04-26 13:43:00,2024-04-26 15:44:48,2.03,resolved
210,1661,Spain,card_declined,chat,high,2024-11-14 03:35:00,2024-11-14 08:05:36,4.51,resolved
211,1659,UK,card_declined,email,medium,2024-03-15 17:24:00,2024-03-15 18:42:00,1.3,resolved
212,3172,Italy,payment_failed,phone,medium,2024-08-17 01:20:00,2024-08-17 03:33:12,2.22,resolved
213,2817,France,card_declined,email,low,2024-06-21 22:10:00,2024-06-22 09:12:24,11.04,resolved
214,1322,France,payment_failed,email,critical,2024-08-31 10:16:00,2024-08-31 15:35:48,5.33,resolved
215,4732,Spain,login_issue,chat,low,2024-06-04 17:34:00,2024-06-04 23:09:24,5.59,resolved
216,2540,Italy,login_issue,email,high,2024-03-18 06:24:00,2024-03-18 10:51:36,4.46,resolved
217,2757,Spain,kyc_verification,email,high,2024-02-28 22:34:00,2024-02-29 00:32:48,1.98,resolved
218,4722,France,payment_failed,phone,low,2024-08-24 08:45:00,2024-08-24 15:54:00,7.15,resolved
219,1462,Italy,login_issue,phone,critical,2024-03-02 22:23:00,2024-03-03 09:06:48,10.73,resolved
220,1364,Italy,card_declined,phone,critical,2024-05-02 17:20:00,2024-05-02 21:29:00,4.15,resolved
221,1355,UK,payment_failed,phone,low,2024-02-23 19:11:00,2024-02-24 05:56:00,10.75,resolved
222,2586,Germany,card_declined,chat,critical,2024-11-20 16:59:00,2024-11-20 22:09:12,5.17,resolved
223,4940,Spain,payment_failed,chat,low,2024-02-28 08:36:00,2024-02-28 18:02:24,9.44,resolved
224,4258,Spain,card_declined,email,critical,2024-06-27 10:19:00,2024-06-27 18:05:48,7.78,resolved
225,3613,Germany,kyc_verification,email,medium,2024-04-19 11:12:00,2024-04-19 12:39:00,1.45,resolved
226,4949,Spain,kyc_verification,phone,high,2024-02-13 08:25:00,2024-02-13 16:32:48,8.13,resolved
227,1646,France,card_declined,phone,high,2024-09-14 00:47:00,2024-09-14 04:09:12,3.37,resolved
228,4093,Spain,payment_failed,email,medium,2024-09-12 08:37:00,2024-09-12 13:09:24,4.54,resolved
229,4202,Germany,login_issue,email,medium,2024-07-06 03:18:00,2024-07-06 11:39:00,8.35,resolved
230,2718,UK,card_declined,phone,medium,2024-09-05 10:13:00,2024-09-05 11:21:24,1.14,resolved
231,4160,Spain,login_issue,email,high,2024-09-29 17:08:00,2024-09-29 19:27:12,2.32,resolved
232,4495,Spain,kyc_verification,phone,low,2024-03-03 15:31:00,2024-03-03 15:59:48,0.48,resolved
233,4968,Spain,card_declined,chat,medium,2024-05-22 02:38:00,2024-05-22 05:21:48,2.73,resolved
234,4610,France,login_issue,email,high,2024-11-03 12:34:00,2024-11-03 19:26:48,6.88,resolved
235,4242,Spain,card_declined,chat,medium,2024-10-27 23:34:00,2024-10-28 11:06:24,11.54,resolved
236,4787,France,login_issue,chat,low,2024-11-01 02:41:00,2024-11-01 06:27:48,3.78,resolved
237,3261,Spain,card_declined,email,critical,2024-10-27 23:56:00,2024-10-28 11:27:48,11.53,resolved
238,4567,France,kyc_verification,chat,critical,2024-04-04 17:17:00,2024-04-05 01:21:48,8.08,resolved
239,4087,Italy,kyc_verification,chat,critical,2024-07-25 06:25:00,2024-07-25 06:50:48,0.43,resolved
240,4902,Italy,payment_failed,phone,medium,2024-11-16 12:14:00,2024-11-16 15:33:48,3.33,resolved
241,1862,Italy,payment_failed,phone,medium,2024-10-23 20:39:00,2024-10-24 03:43:48,7.08,resolved
242,2889,UK,login_issue,email,low,2024-11-06 17:06:00,2024-11-06 23:34:48,6.48,resolved
243,4725,Italy,login_issue,phone,medium,2024-01-07 19:58:00,2024-01-07 23:24:24,3.44,resolved
244,2314,Spain,payment_failed,chat,low,2024-05-30 11:42:00,2024-05-30 17:12:36,5.51,resolved
245,3139,Spain,payment_failed,chat,high,2024-10-18 15:38:00,2024-10-18 23:21:12,7.72,resolved
246,3277,Italy,card_declined,chat,high,2024-10-01 07:59:00,2024-10-01 13:09:12,5.17,resolved
247,2045,Italy,payment_failed,email,high,2024-06-14 05:06:00,2024-06-14 11:33:36,6.46,resolved
248,2537,UK,payment_failed,phone,medium,2024-06-11 01:26:00,2024-06-11 04:51:12,3.42,resolved
249,1769,Germany,login_issue,phone,medium,2024-10-30 16:30:00,2024-10-30 21:28:48,4.98,resolved
250,4786,France,card_declined,phone,medium,2024-10-01 06:02:00,2024-10-01 09:04:24,3.04,resolved
251,3532,France,kyc_verification,phone,low,2024-07-16 13:44:00,2024-07-16 22:56:00,9.2,resolved
252,4740,Italy,payment_failed,phone,critical,2024-10-25 13:46:00,2024-10-25 23:17:12,9.52,resolved
253,1662,UK,payment_failed,chat,low,2024-06-18 19:58:00,2024-06-19 07:48:24,11.84,resolved
254,1109,France,card_declined,chat,medium,2024-02-10 19:59:00,2024-02-11 06:57:48,10.98,resolved
255,4543,UK,login_issue,phone,low,2024-01-21 01:21:00,2024-01-21 13:12:36,11.86,resolved
256,1958,France,payment_failed,phone,medium,2024-01-18 16:23:00,2024-01-18 18:52:24,2.49,resolved
257,3721,France,payment_failed,chat,low,2024-09-19 00:35:00,2024-09-19 02:32:36,1.96,resolved
258,3891,UK,login_issue,chat,high,2024-03-19 15:09:00,2024-03-19 16:06:36,0.96,resolved
259,3418,France,login_issue,phone,high,2024-11-26 18:10:00,2024-11-27 01:32:12,7.37,resolved
260,2307,UK,login_issue,chat,critical,2024-03-06 09:14:00,2024-03-06 18:22:24,9.14,resolved
261,3761,France,kyc_verification,chat,critical,2024-01-17 08:37:00,2024-01-17 19:08:12,10.52,resolved
262,3479,UK,login_issue,phone,medium,2024-02-09 07:07:00,2024-02-09 16:44:12,9.62,resolved
263,2551,France,login_issue,phone,low,2024-05-19 11:52:00,2024-05-19 19:45:24,7.89,resolved
264,4808,Spain,login_issue,email,low,2024-06-07 00:21:00,2024-06-07 10:24:36,10.06,resolved
265,1694,France,login_issue,phone,high,2024-05-27 15:15:00,2024-05-28 02:57:00,11.7,resolved
266,2051,Spain,login_issue,email,low,2024-04-15 17:43:00,2024-04-16 01:41:48,7.98,resolved
267,1700,Italy,kyc_verification,email,medium,2024-02-10 17:05:00,2024-02-10 21:10:24,4.09,resolved
268,3474,France,kyc_verification,email,medium,2024-03-13 07:56:00,2024-03-13 10:18:48,2.38,resolved
269,1006,Germany,login_issue,phone,high,2024-10-05 11:03:00,2024-10-05 11:42:00,0.65,resolved
270,4872,UK,kyc_verification,email,low,2024-03-18 17:02:00,2024-03-18 19:17:36,2.26,resolved
271,1925,UK,payment_failed,email,medium,2024-10-31 13:55:00,2024-10-31 23:22:36,9.46,resolved
272,4346,Italy,kyc_verification,email,critical,2024-01-05 02:26:00,2024-01-05 08:26:36,6.01,resolved
273,3926,France,payment_failed,phone,low,2024-05-01 07:50:00,2024-05-01 10:00:12,2.17,resolved
274,4495,France,card_declined,chat,medium,2024-02-24 21:46:00,2024-02-25 07:09:24,9.39,resolved
275,4907,France,login_issue,chat,high,2024-09-18 21:24:00,2024-09-19 07:30:00,10.1,resolved
276,3652,UK,kyc_verification,chat,critical,2024-05-12 08:22:00,2024-05-12 18:41:48,10.33,resolved
277,4826,Germany,card_declined,chat,low,2024-12-06 13:56:00,2024-12-06 17:42:12,3.77,resolved
278,3623,Germany,card_declined,email,critical,2024-03-28 01:57:00,2024-03-28 06:49:48,4.88,resolved
279,3872,UK,kyc_verification,phone,high,2024-04-11 09:18:00,2024-04-11 11:20:24,2.04,resolved
280,2361,France,login_issue,phone,low,2024-06-23 03:40:00,2024-06-23 08:01:00,4.35,resolved
281,4908,Germany,payment_failed,chat,medium,2024-01-20 18:16:00,2024-01-20 19:28:00,1.2,resolved
282,4226,Italy,card_declined,chat,high,2024-06-22 13:04:00,2024-06-22 17:29:12,4.42,resolved
283,4431,UK,kyc_verification,phone,medium,2024-01-30 01:20:00,2024-01-30 05:23:36,4.06,resolved
284,2187,UK,login_issue,phone,critical,2024-07-27 21:04:00,2024-07-28 04:14:12,7.17,resolved
285,3821,Spain,login_issue,email,critical,2024-01-16 11:25:00,2024-01-16 18:59:48,7.58,resolved
286,1661,UK,card_declined,chat,medium,2024-05-17 02:58:00,2024-05-17 08:16:36,5.31,resolved
287,2731,Germany,login_issue,chat,low,2024-04-20 14:14:00,2024-04-20 15:42:48,1.48,resolved
288,2729,UK,kyc_verification,email,critical,2024-06-07 04:45:00,2024-06-07 07:39:00,2.9,resolved
289,2570,UK,kyc_verification,chat,high,2024-04-13 13:14:00,2024-04-13 13:37:24,0.39,resolved
290,4181,UK,payment_failed,email,high,2024-01-31 08:01:00,2024-01-31 08:59:12,0.97,resolved
291,4638,France,payment_failed,phone,critical,2024-11-07 20:40:00,2024-11-08 05:43:36,9.06,resolved
292,1298,UK,payment_failed,chat,medium,2024-04-18 08:55:00,2024-04-18 13:47:12,4.87,resolved
293,3565,Germany,card_declined,chat,medium,2024-09-01 22:01:00,2024-09-02 00:59:48,2.98,resolved
294,4818,France,payment_failed,chat,critical,2024-02-28 04:11:00,2024-02-28 15:21:12,11.17,resolved
295,1188,Germany,kyc_verification,chat,high,2024-06-12 04:13:00,2024-06-12 16:10:36,11.96,resolved
296,4839,UK,card_declined,email,high,2024-03-31 22:43:00,2024-03-31 23:29:48,0.78,resolved
297,2916,Italy,login_issue,phone,critical,2024-05-04 03:11:00,2024-05-04 08:08:00,4.95,resolved
298,1576,UK,kyc_verification,phone,high,2024-12-09 22:00:00,2024-12-10 05:27:36,7.46,resolved
299,2944,France,card_declined,phone,critical,2024-10-06 14:12:00,2024-10-06 18:51:36,4.66,resolved
300,4742,UK,payment_failed,email,medium,2024-09-17 19:31:00,2024-09-18 04:33:24,9.04,resolved
301,1052,Italy,payment_failed,chat,critical,2024-10-13 21:32:00,2024-10-14 09:11:00,11.65,resolved
302,2222,Spain,payment_failed,chat,high,2024-12-04 18:53:00,2024-12-05 05:49:24,10.94,resolved
303,1739,Italy,login_issue,email,low,2024-02-21 09:03:00,2024-02-21 17:14:24,8.19,resolved
304,1501,Spain,payment_failed,chat,critical,2024-10-19 14:45:00,2024-10-19 19:27:36,4.71,resolved
305,1309,UK,login_issue,phone,medium,2024-03-31 10:45:00,2024-03-31 19:35:24,8.84,resolved
306,3501,Spain,card_declined,chat,critical,2024-12-06 12:38:00,2024-12-06 22:48:12,10.17,resolved
307,2642,Italy,login_issue,email,low,2024-04-27 07:23:00,2024-04-27 12:23:36,5.01,resolved
308,2198,France,card_declined,chat,critical,2024-05-25 14:19:00,2024-05-25 19:31:36,5.21,resolved
309,2122,UK,card_declined,phone,critical,2024-03-28 11:35:00,2024-03-28 16:18:12,4.72,resolved
310,3910,Spain,kyc_verification,email,critical,2024-02-14 02:29:00,2024-02-14 12:30:48,10.03,resolved
311,2972,UK,kyc_verification,email,medium,2024-12-11 06:49:00,2024-12-11 14:24:24,7.59,resolved
312,1368,Germany,payment_failed,chat,medium,2024-03-04 19:10:00,2024-03-05 04:24:24,9.24,resolved
313,4532,Germany,kyc_verification,chat,critical,2024-02-09 19:30:00,2024-02-10 03:14:24,7.74,resolved
314,3966,France,card_declined,email,low,2024-06-12 16:27:00,2024-06-13 01:31:12,9.07,resolved
315,1791,UK,card_declined,chat,critical,2024-07-08 09:56:00,2024-07-08 11:15:12,1.32,resolved
316,3317,Italy,card_declined,phone,high,2024-10-13 04:18:00,2024-10-13 08:44:24,4.44,resolved
317,3762,France,payment_failed,phone,medium,2024-09-30 06:44:00,2024-09-30 12:30:12,5.77,resolved
318,1021,France,kyc_verification,phone,high,2024-12-06 22:52:00,2024-12-07 00:59:12,2.12,resolved
319,4009,Spain,kyc_verification,phone,low,2024-09-06 06:20:00,2024-09-06 14:31:24,8.19,resolved
320,2479,France,login_issue,phone,medium,2024-11-29 23:25:00,2024-11-30 08:37:36,9.21,resolved
321,2234,Spain,login_issue,phone,medium,2024-07-18 23:36:00,2024-07-19 00:30:36,0.91,resolved
322,3698,France,card_declined,phone,high,2024-06-24 09:25:00,2024-06-24 20:53:48,11.48,resolved
323,4732,Italy,kyc_verification,chat,medium,2024-04-18 03:08:00,2024-04-18 04:45:12,1.62,resolved
324,4573,Germany,payment_failed,phone,medium,2024-04-18 11:22:00,2024-04-18 14:36:24,3.24,resolved
325,1119,Spain,login_issue,phone,low,2024-05-10 04:15:00,2024-05-10 08:36:36,4.36,resolved
326,3113,Germany,login_issue,email,low,2024-08-25 09:32:00,2024-08-25 17:38:36,8.11,resolved
327,3923,Italy,login_issue,phone,low,2024-04-08 14:12:00,2024-04-09 01:07:48,10.93,resolved
328,3583,Italy,kyc_verification,phone,low,2024-04-19 17:53:00,2024-04-20 03:46:24,9.89,resolved
329,3769,Italy,card_declined,chat,critical,2024-07-25 09:29:00,2024-07-25 20:47:00,11.3,resolved
330,2048,France,payment_failed,chat,critical,2024-07-10 22:35:00,2024-07-11 05:50:36,7.26,resolved
331,4455,Germany,payment_failed,chat,low,2024-05-02 03:38:00,2024-05-02 04:01:24,0.39,resolved
332,2238,UK,login_issue,email,medium,2024-10-05 18:49:00,2024-10-06 05:00:24,10.19,resolved
333,1556,Italy,payment_failed,chat,low,2024-10-07 22:22:00,2024-10-08 05:47:12,7.42,resolved
334,3566,Spain,kyc_verification,email,high,2024-08-19 10:30:00,2024-08-19 16:50:24,6.34,resolved
335,4491,France,card_declined,phone,critical,2024-11-15 16:51:00,2024-11-16 04:39:36,11.81,resolved
336,3645,Spain,card_declined,chat,medium,2024-06-10 15:33:00,2024-06-10 21:37:12,6.07,resolved
337,1969,UK,payment_failed,chat,high,2024-04-21 07:05:00,2024-04-21 14:56:36,7.86,resolved
338,2452,Germany,payment_failed,chat,low,2024-10-18 04:27:00,2024-10-18 09:40:48,5.23,resolved
339,1508,Germany,kyc_verification,chat,high,2024-12-12 08:17:00,2024-12-12 09:42:12,1.42,resolved
340,2196,Germany,login_issue,email,low,2024-12-04 06:32:00,2024-12-04 13:06:48,6.58,resolved
341,1405,UK,login_issue,email,medium,2024-09-03 10:30:00,2024-09-03 20:15:36,9.76,resolved
342,2758,UK,card_declined,email,high,2024-11-16 23:28:00,2024-11-17 02:39:24,3.19,resolved
343,1261,France,kyc_verification,email,critical,2024-09-07 20:28:00,2024-09-07 23:01:00,2.55,resolved
344,3404,France,card_declined,chat,medium,2024-03-21 07:31:00,2024-03-21 15:59:48,8.48,resolved
345,1253,Germany,login_issue,phone,medium,2024-01-16 00:00:00,2024-01-16 11:10:48,11.18,resolved
346,1882,Italy,kyc_verification,chat,critical,2024-09-03 13:19:00,2024-09-03 13:58:36,0.66,resolved
347,3145,Germany,kyc_verification,phone,critical,2024-02-22 00:34:00,2024-02-22 06:16:36,5.71,resolved
348,3177,Germany,kyc_verification,phone,medium,2024-11-30 17:19:00,2024-11-30 19:02:12,1.72,resolved
349,2140,Spain,kyc_verification,email,low,2024-01-06 10:32:00,2024-01-06 13:24:48,2.88,resolved
350,3035,Germany,card_declined,phone,medium,2024-05-14 23:34:00,2024-05-15 00:51:24,1.29,resolved
351,1948,France,login_issue,chat,high,2024-07-14 05:13:00,2024-07-14 11:45:24,6.54,resolved
352,1089,Spain,kyc_verification,chat,critical,2024-07-16 07:51:00,2024-07-16 15:13:48,7.38,resolved
353,2947,Germany,login_issue,email,high,2024-07-05 14:02:00,2024-07-05 16:53:36,2.86,resolved
354,3754,Italy,login_issue,phone,low,2024-03-18 00:13:00,2024-03-18 05:38:12,5.42,resolved
355,2852,Italy,card_declined,chat,medium,2024-10-22 02:47:00,2024-10-22 06:05:36,3.31,resolved
356,3576,France,card_declined,phone,critical,2024-10-15 18:28:00,2024-10-15 21:49:36,3.36,resolved
357,3718,Spain,kyc_verification,phone,low,2024-08-24 09:30:00,2024-08-24 15:38:24,6.14,resolved
358,1680,France,kyc_verification,email,critical,2024-11-22 09:52:00,2024-11-22 14:20:12,4.47,resolved
359,1773,France,login_issue,email,high,2024-10-15 04:18:00,2024-10-15 05:13:48,0.93,resolved
360,4037,Germany,login_issue,chat,high,2024-06-05 08:09:00,2024-06-05 15:02:24,6.89,resolved
361,4278,France,payment_failed,chat,critical,2024-11-09 09:22:00,2024-11-09 10:56:48,1.58,resolved
362,1001,France,payment_failed,phone,low,2024-05-19 13:55:00,2024-05-19 15:05:12,1.17,resolved
363,1051,Spain,kyc_verification,phone,medium,2024-08-22 09:13:00,2024-08-22 18:07:36,8.91,resolved
364,1011,France,payment_failed,phone,high,2024-10-15 02:05:00,2024-10-15 04:21:48,2.28,resolved
365,2489,UK,kyc_verification,phone,critical,2024-07-23 09:37:00,2024-07-23 12:28:00,2.85,resolved
366,4047,Italy,card_declined,phone,low,2024-04-09 07:22:00,2024-04-09 11:53:48,4.53,resolved
367,3827,Spain,kyc_verification,email,medium,2024-10-26 12:51:00,2024-10-27 00:30:00,11.65,resolved
368,1744,Spain,card_declined,phone,critical,2024-05-23 02:26:00,2024-05-23 11:38:00,9.2,resolved
369,1076,Germany,kyc_verification,email,medium,2024-11-12 23:10:00,2024-11-13 06:34:00,7.4,resolved
370,4941,Italy,kyc_verification,phone,high,2024-07-07 03:02:00,2024-07-07 13:39:48,10.63,resolved
371,4360,Germany,payment_failed,chat,high,2024-08-08 03:34:00,2024-08-08 13:07:00,9.55,resolved
372,2587,UK,card_declined,phone,medium,2024-09-27 20:47:00,2024-09-28 01:24:48,4.63,resolved
373,1196,UK,card_declined,phone,critical,2024-08-13 07:16:00,2024-08-13 09:29:48,2.23,resolved
374,1930,Germany,login_issue,phone,medium,2024-04-15 07:52:00,2024-04-15 09:56:12,2.07,resolved
375,4968,Italy,card_declined,phone,medium,2024-03-19 07:20:00,2024-03-19 14:00:48,6.68,resolved
376,2591,Germany,card_declined,phone,critical,2024-02-14 04:53:00,2024-02-14 05:39:48,0.78,resolved
377,4195,UK,login_issue,email,high,2024-01-24 07:31:00,2024-01-24 18:55:36,11.41,resolved
378,4526,Italy,payment_failed,email,medium,2024-11-09 23:30:00,2024-11-10 07:49:12,8.32,resolved
379,1012,France,payment_failed,chat,critical,2024-09-07 04:54:00,2024-09-07 07:58:48,3.08,resolved
380,4220,Germany,kyc_verification,chat,low,2024-10-09 04:07:00,2024-10-09 05:36:24,1.49,resolved
381,3846,Germany,payment_failed,email,low,2024-09-12 00:09:00,2024-09-12 10:20:24,10.19,resolved
382,4392,Italy,kyc_verification,phone,high,2024-08-29 08:55:00,2024-08-29 10:43:36,1.81,resolved
383,1581,Italy,card_declined,email,medium,2024-06-11 08:09:00,2024-06-11 11:39:36,3.51,resolved
384,1180,Italy,kyc_verification,chat,high,2024-02-10 23:15:00,2024-02-11 10:01:48,10.78,resolved
385,4302,Spain,kyc_verification,phone,medium,2024-08-26 11:26:00,2024-08-26 19:32:00,8.1,resolved
386,4862,Germany,card_declined,phone,high,2024-01-23 22:31:00,2024-01-24 01:08:48,2.63,resolved
387,2022,Spain,payment_failed,phone,low,2024-03-02 13:41:00,2024-03-02 16:50:00,3.15,resolved
388,1583,Spain,kyc_verification,email,high,2024-03-09 00:21:00,2024-03-09 01:17:24,0.94,resolved
389,3539,Spain,login_issue,email,critical,2024-11-26 04:41:00,2024-11-26 16:02:36,11.36,resolved
390,4848,UK,kyc_verification,phone,medium,2024-11-14 06:18:00,2024-11-14 14:24:36,8.11,resolved
391,4582,Germany,kyc_verification,chat,low,2024-04-17 15:39:00,2024-04-18 01:22:12,9.72,resolved
392,3340,France,login_issue,phone,medium,2024-03-08 16:51:00,2024-03-08 20:49:12,3.97,resolved
393,1670,Italy,kyc_verification,phone,low,2024-07-21 04:25:00,2024-07-21 11:35:12,7.17,resolved
394,4124,UK,kyc_verification,email,high,2024-08-30 23:57:00,2024-08-31 03:33:00,3.6,resolved
395,4768,Germany,kyc_verification,chat,low,2024-12-03 01:52:00,2024-12-03 12:47:12,10.92,resolved
396,1536,UK,login_issue,chat,low,2024-09-23 13:02:00,2024-09-23 19:47:00,6.75,resolved
397,3059,Italy,card_declined,chat,high,2024-05-08 02:09:00,2024-05-08 13:40:48,11.53,resolved
398,3643,France,payment_failed,chat,critical,2024-06-30 19:50:00,2024-06-30 20:43:24,0.89,resolved
399,4505,France,login_issue,chat,low,2024-03-03 18:38:00,2024-03-04 02:16:24,7.64,resolved
400,1522,Spain,payment_failed,email,low,2024-04-11 13:46:00,2024-04-11 21:51:24,8.09,resolved
401,2738,Germany,payment_failed,phone,critical,2024-04-07 07:11:00,2024-04-07 15:54:48,8.73,resolved
402,4517,Germany,card_declined,chat,low,2024-11-12 20:48:00,2024-11-13 08:22:12,11.57,resolved
403,3489,UK,payment_failed,chat,high,2024-02-10 22:08:00,2024-02-10 22:50:00,0.7,resolved
404,2392,Italy,login_issue,phone,medium,2024-03-06 19:46:00,2024-03-06 23:34:00,3.8,resolved
405,1601,Spain,card_declined,phone,high,2024-06-07 08:00:00,2024-06-07 08:25:48,0.43,resolved
406,2323,UK,login_issue,email,medium,2024-12-09 21:35:00,2024-12-10 02:26:00,4.85,resolved
407,3026,Italy,login_issue,email,low,2024-01-31 18:17:00,2024-02-01 00:17:36,6.01,resolved
408,2729,Spain,login_issue,phone,critical,2024-02-22 04:08:00,2024-02-22 13:18:12,9.17,resolved
409,1201,UK,card_declined,email,critical,2024-02-24 21:28:00,2024-02-25 09:19:00,11.85,resolved
410,2420,UK,login_issue,email,critical,2024-07-12 10:47:00,2024-07-12 18:57:48,8.18,resolved
411,4590,Germany,login_issue,email,critical,2024-05-02 12:18:00,2024-05-02 22:49:12,10.52,resolved
412,4193,France,payment_failed,chat,critical,2024-07-17 09:14:00,2024-07-17 10:49:24,1.59,resolved
413,1301,Spain,kyc_verification,chat,critical,2024-08-23 21:03:00,2024-08-24 08:13:48,11.18,resolved
414,1165,Spain,login_issue,chat,critical,2024-11-16 17:09:00,2024-11-16 20:33:36,3.41,resolved
415,1409,Germany,login_issue,chat,critical,2024-11-14 23:40:00,2024-11-15 01:18:24,1.64,resolved
416,3631,Italy,login_issue,chat,high,2024-06-07 23:48:00,2024-06-08 09:43:48,9.93,resolved
417,3998,Germany,kyc_verification,phone,high,2024-09-16 22:29:00,2024-09-17 03:11:36,4.71,resolved
418,3428,Spain,payment_failed,phone,medium,2024-05-26 23:07:00,2024-05-27 01:55:00,2.8,resolved
419,1204,Spain,login_issue,phone,low,2024-09-21 03:28:00,2024-09-21 09:44:12,6.27,resolved
420,2636,Italy,card_declined,phone,medium,2024-05-28 03:11:00,2024-05-28 08:38:36,5.46,resolved
421,2052,Germany,card_declined,phone,low,2024-08-24 17:02:00,2024-08-24 19:40:24,2.64,resolved
422,1186,France,payment_failed,email,medium,2024-05-15 00:04:00,2024-05-15 01:02:12,0.97,resolved
423,1057,Germany,login_issue,email,low,2024-07-03 11:31:00,2024-07-03 12:33:24,1.04,resolved
424,2210,France,login_issue,phone,high,2024-03-18 16:18:00,2024-03-18 18:29:24,2.19,resolved
425,4993,Italy,login_issue,phone,low,2024-08-24 10:04:00,2024-08-24 14:58:36,4.91,resolved
426,4548,UK,card_declined,chat,high,2024-01-31 07:11:00,2024-01-31 08:39:48,1.48,resolved
427,4485,France,login_issue,chat,critical,2024-11-20 16:20:00,2024-11-20 17:28:24,1.14,resolved
428,3156,Italy,card_declined,email,high,2024-05-20 21:34:00,2024-05-21 06:43:00,9.15,resolved
429,1908,France,payment_failed,chat,high,2024-06-27 07:13:00,2024-06-27 17:33:24,10.34,resolved
430,2095,Spain,kyc_verification,phone,critical,2024-09-10 08:39:00,2024-09-10 18:27:36,9.81,resolved
431,3374,Germany,kyc_verification,email,critical,2024-09-23 14:39:00,2024-09-24 00:36:36,9.96,resolved
432,4635,Spain,card_declined,chat,low,2024-07-21 17:24:00,2024-07-21 19:48:00,2.4,resolved
433,4818,Italy,login_issue,chat,low,2024-04-20 19:04:00,2024-04-20 22:09:24,3.09,resolved
434,3750,Italy,card_declined,phone,high,2024-02-12 00:45:00,2024-02-12 10:37:48,9.88,resolved
435,4950,France,card_declined,phone,low,2024-06-15 00:35:00,2024-06-15 06:59:00,6.4,resolved
436,4250,Italy,card_declined,chat,critical,2024-08-07 15:47:00,2024-08-07 16:22:24,0.59,resolved
437,2174,Germany,login_issue,email,high,2024-08-09 21:53:00,2024-08-09 22:21:48,0.48,resolved
438,4202,Spain,login_issue,chat,high,2024-07-11 19:30:00,2024-07-12 06:18:00,10.8,resolved
439,1125,Spain,login_issue,email,low,2024-05-02 07:31:00,2024-05-02 18:15:24,10.74,resolved
440,1741,UK,payment_failed,chat,medium,2024-03-21 07:30:00,2024-03-21 16:37:48,9.13,resolved
441,3368,UK,card_declined,chat,medium,2024-01-12 16:02:00,2024-01-13 01:40:24,9.64,resolved
442,3801,Spain,login_issue,chat,low,2024-04-14 05:24:00,2024-04-14 16:25:48,11.03,resolved
443,4504,Germany,card_declined,chat,low,2024-08-06 23:50:00,2024-08-07 02:00:12,2.17,resolved
444,3140,Germany,login_issue,chat,low,2024-01-30 10:54:00,2024-01-30 21:32:24,10.64,resolved
445,1570,Germany,payment_failed,chat,medium,2024-09-23 07:23:00,2024-09-23 11:10:24,3.79,resolved
446,4954,France,payment_failed,chat,critical,2024-05-05 23:17:00,2024-05-06 06:51:48,7.58,resolved
447,1368,Italy,card_declined,email,critical,2024-06-03 08:38:00,2024-06-03 12:34:24,3.94,resolved
448,2110,France,login_issue,phone,low,2024-10-05 06:06:00,2024-10-05 14:10:48,8.08,resolved
449,4937,Italy,kyc_verification,email,high,2024-02-21 17:35:00,2024-02-22 04:36:12,11.02,resolved
450,2300,Spain,login_issue,phone,low,2024-07-30 23:03:00,2024-07-31 06:48:36,7.76,resolved
451,4010,Germany,login_issue,phone,low,2024-10-28 05:19:00,2024-10-28 13:35:12,8.27,resolved
452,1214,UK,login_issue,phone,low,2024-10-05 05:16:00,2024-10-05 07:59:48,2.73,resolved
453,2955,UK,payment_failed,email,low,2024-02-20 04:21:00,2024-02-20 04:44:24,0.39,resolved
454,3184,France,card_declined,phone,low,2024-09-24 13:03:00,2024-09-24 16:48:00,3.75,resolved
455,1820,France,login_issue,chat,medium,2024-05-26 04:05:00,2024-05-26 07:50:00,3.75,resolved
456,2147,Germany,login_issue,chat,critical,2024-03-11 23:18:00,2024-03-12 00:25:48,1.13,resolved
457,4007,Germany,kyc_verification,phone,high,2024-09-04 01:43:00,2024-09-04 02:48:24,1.09,resolved
458,1721,France,payment_failed,phone,high,2024-10-21 14:32:00,2024-10-21 20:03:48,5.53,resolved
459,3969,Spain,payment_failed,phone,low,2024-02-17 04:56:00,2024-02-17 13:39:48,8.73,resolved
460,3156,France,kyc_verification,phone,medium,2024-08-16 15:00:00,2024-08-16 22:00:36,7.01,resolved
461,1712,Spain,card_declined,phone,critical,2024-11-26 15:43:00,2024-11-26 17:35:48,1.88,resolved
462,1145,Spain,login_issue,chat,medium,2024-06-21 06:27:00,2024-06-21 18:13:12,11.77,resolved
463,4944,Italy,card_declined,chat,critical,2024-04-18 02:28:00,2024-04-18 09:38:12,7.17,resolved
464,2635,France,payment_failed,email,critical,2024-02-25 12:37:00,2024-02-25 19:57:24,7.34,resolved
465,1083,Germany,card_declined,chat,medium,2024-01-17 02:31:00,2024-01-17 06:05:12,3.57,resolved
466,1036,France,kyc_verification,chat,medium,2024-05-14 12:29:00,2024-05-14 16:35:36,4.11,resolved
467,4603,UK,kyc_verification,phone,low,2024-03-09 07:21:00,2024-03-09 18:09:36,10.81,resolved
468,2399,Germany,login_issue,email,medium,2024-06-11 02:01:00,2024-06-11 09:53:12,7.87,resolved
469,2874,Italy,card_declined,chat,critical,2024-09-15 15:51:00,2024-09-15 17:53:24,2.04,resolved
470,3942,Germany,card_declined,email,high,2024-08-11 06:33:00,2024-08-11 07:34:12,1.02,resolved
471,4593,Spain,login_issue,email,critical,2024-04-14 05:47:00,2024-04-14 16:45:48,10.98,resolved
472,1095,Spain,payment_failed,phone,critical,2024-08-18 08:40:00,2024-08-18 13:52:36,5.21,resolved
473,3687,Spain,card_declined,chat,low,2024-07-30 14:12:00,2024-07-30 21:58:12,7.77,resolved
474,4178,France,card_declined,chat,critical,2024-07-26 12:05:00,2024-07-26 19:49:24,7.74,resolved
475,2781,France,kyc_verification,email,high,2024-09-20 00:55:00,2024-09-20 03:23:12,2.47,resolved
476,2019,Italy,payment_failed,email,low,2024-05-03 20:58:00,2024-05-04 04:34:36,7.61,resolved
477,1388,France,kyc_verification,chat,low,2024-05-11 06:00:00,2024-05-11 16:07:12,10.12,resolved
478,3866,Spain,payment_failed,chat,high,2024-04-05 22:48:00,2024-04-06 04:48:36,6.01,resolved
479,1978,France,payment_failed,chat,critical,2024-07-11 16:12:00,2024-07-11 23:06:36,6.91,resolved
480,2650,Spain,login_issue,chat,medium,2024-08-23 16:17:00,2024-08-24 00:27:12,8.17,resolved
481,1527,France,login_issue,email,critical,2024-07-12 11:44:00,2024-07-12 23:43:24,11.99,resolved
482,1268,Italy,payment_failed,email,critical,2024-01-15 00:22:00,2024-01-15 02:17:12,1.92,resolved
483,1051,France,kyc_verification,chat,low,2024-04-15 06:55:00,2024-04-15 15:44:12,8.82,resolved
484,3715,UK,card_declined,chat,critical,2024-07-06 22:49:00,2024-07-07 07:35:12,8.77,resolved
485,2193,Italy,card_declined,email,low,2024-02-20 01:03:00,2024-02-20 06:50:24,5.79,resolved
486,1777,Spain,kyc_verification,chat,high,2024-05-05 20:25:00,2024-05-06 07:16:36,10.86,resolved
487,3347,UK,card_declined,email,high,2024-11-08 13:43:00,2024-11-08 16:43:36,3.01,resolved
488,2222,France,card_declined,chat,medium,2024-08-14 01:55:00,2024-08-14 10:39:24,8.74,resolved
489,4948,UK,kyc_verification,chat,medium,2024-11-06 07:44:00,2024-11-06 15:39:12,7.92,resolved
490,3198,UK,login_issue,chat,medium,2024-05-16 02:48:00,2024-05-16 03:15:36,0.46,resolved
491,4795,Germany,login_issue,email,medium,2024-06-24 12:43:00,2024-06-24 16:55:36,4.21,resolved
492,1273,Spain,payment_failed,chat,critical,2024-08-04 00:54:00,2024-08-04 07:27:36,6.56,resolved
493,3504,Germany,card_declined,phone,medium,2024-09-08 13:03:00,2024-09-08 22:20:24,9.29,resolved
494,3756,Italy,card_declined,email,low,2024-03-05 18:55:00,2024-03-06 00:48:24,5.89,resolved
495,1139,UK,login_issue,email,high,2024-06-24 04:22:00,2024-06-24 15:22:00,11.0,resolved
496,3564,France,payment_failed,email,medium,2024-02-20 23:37:00,2024-02-21 10:44:48,11.13,resolved
497,3296,Spain,login_issue,chat,medium,2024-05-27 10:12:00,2024-05-27 12:54:00,2.7,resolved
498,4409,Germany,card_declined,phone,low,2024-06-13 03:02:00,2024-06-13 04:36:12,1.57,resolved
499,2720,France,login_issue,phone,critical,2024-01-12 19:36:00,2024-01-12 23:36:36,4.01,resolved
500,2034,UK,payment_failed,phone,medium,2024-10-03 11:21:00,2024-10-03 20:45:00,9.4,resolved
501,2790,Italy,card_declined,chat,high,2024-08-18 05:57:00,2024-08-18 06:48:36,0.86,resolved
502,3801,Germany,card_declined,email,low,2024-06-20 08:27:00,2024-06-20 15:54:36,7.46,resolved
503,1917,Spain,kyc_verification,phone,low,2024-05-14 04:36:00,2024-05-14 10:25:48,5.83,resolved
504,3265,France,card_declined,phone,high,2024-04-18 04:06:00,2024-04-18 07:50:24,3.74,resolved
505,2304,Italy,payment_failed,email,critical,2024-05-23 15:08:00,2024-05-24 02:09:12,11.02,resolved
506,3393,Italy,payment_failed,phone,low,2024-05-28 14:15:00,2024-05-28 22:51:36,8.61,resolved
507,4779,Germany,card_declined,chat,high,2024-09-12 00:32:00,2024-09-12 07:38:36,7.11,resolved
508,3380,Italy,login_issue,phone,high,2024-08-17 08:39:00,2024-08-17 17:10:48,8.53,resolved
509,1864,Spain,card_declined,phone,medium,2024-05-28 21:42:00,2024-05-29 00:46:12,3.07,resolved
510,2025,Germany,kyc_verification,chat,medium,2024-06-04 04:44:00,2024-06-04 05:48:12,1.07,resolved
511,3815,France,payment_failed,chat,high,2024-06-01 13:45:00,2024-06-01 17:24:00,3.65,resolved
512,4428,Germany,login_issue,chat,medium,2024-11-26 14:47:00,2024-11-26 23:12:48,8.43,resolved
513,4789,Italy,payment_failed,phone,high,2024-10-29 15:32:00,2024-10-29 22:04:24,6.54,resolved
514,4556,Italy,login_issue,chat,high,2024-11-01 11:22:00,2024-11-01 12:19:00,0.95,resolved
515,2954,UK,card_declined,chat,high,2024-01-02 05:21:00,2024-01-02 14:10:48,8.83,resolved
516,2862,Italy,kyc_verification,phone,high,2024-05-18 12:35:00,2024-05-18 22:42:12,10.12,resolved
517,4549,Germany,card_declined,phone,low,2024-01-26 18:25:00,2024-01-27 01:33:24,7.14,resolved
518,2161,Spain,payment_failed,chat,medium,2024-07-04 19:59:00,2024-07-05 01:51:48,5.88,resolved
519,1121,Germany,payment_failed,email,low,2024-12-02 13:10:00,2024-12-02 19:31:00,6.35,resolved
520,2725,UK,payment_failed,phone,high,2024-08-28 13:52:00,2024-08-28 23:13:00,9.35,resolved
521,1791,Italy,card_declined,email,critical,2024-12-06 01:10:00,2024-12-06 11:12:24,10.04,resolved
522,2865,France,payment_failed,chat,medium,2024-10-26 11:14:00,2024-10-26 18:57:48,7.73,resolved
523,4446,UK,kyc_verification,email,medium,2024-05-09 22:36:00,2024-05-10 04:02:24,5.44,resolved
524,4105,Spain,card_declined,email,critical,2024-01-30 01:40:00,2024-01-30 06:24:24,4.74,resolved
525,4389,France,kyc_verification,phone,high,2024-12-06 19:31:00,2024-12-07 01:30:24,5.99,resolved
526,2119,Germany,payment_failed,email,critical,2024-08-27 06:56:00,2024-08-27 15:08:00,8.2,resolved
527,3135,UK,payment_failed,chat,critical,2024-01-26 19:16:00,2024-01-27 06:33:24,11.29,resolved
528,4794,Germany,payment_failed,email,medium,2024-06-02 21:54:00,2024-06-03 08:16:48,10.38,resolved
529,4681,Italy,login_issue,email,medium,2024-11-14 15:18:00,2024-11-15 02:25:12,11.12,resolved
530,3750,Germany,card_declined,email,low,2024-04-17 21:24:00,2024-04-18 04:01:48,6.63,resolved
531,2413,France,payment_failed,email,high,2024-06-06 06:52:00,2024-06-06 12:03:24,5.19,resolved
532,3139,Germany,card_declined,chat,high,2024-12-02 13:01:00,2024-12-02 22:35:12,9.57,resolved
533,4070,UK,kyc_verification,phone,high,2024-11-26 16:18:00,2024-11-26 18:26:24,2.14,resolved
534,2586,France,card_declined,chat,critical,2024-11-25 07:21:00,2024-11-25 15:48:00,8.45,resolved
535,4159,UK,login_issue,phone,high,2024-04-14 18:43:00,2024-04-15 03:16:36,8.56,resolved
536,3535,Spain,kyc_verification,phone,high,2024-09-03 07:25:00,2024-09-03 15:46:00,8.35,resolved
537,2674,Germany,payment_failed,phone,low,2024-02-12 17:52:00,2024-02-13 05:26:48,11.58,resolved
538,2614,France,payment_failed,email,high,2024-06-28 08:27:00,2024-06-28 16:14:24,7.79,resolved
539,1459,Spain,login_issue,chat,critical,2024-09-03 13:51:00,2024-09-04 00:31:12,10.67,resolved
540,2617,Spain,payment_failed,phone,low,2024-03-10 14:28:00,2024-03-10 15:46:00,1.3,resolved
541,1697,Spain,card_declined,chat,high,2024-11-29 13:34:00,2024-11-29 22:26:48,8.88,resolved
542,3318,Germany,card_declined,phone,critical,2024-09-12 15:37:00,2024-09-12 16:08:48,0.53,resolved
543,3037,UK,login_issue,email,low,2024-10-05 22:29:00,2024-10-05 23:30:48,1.03,resolved
544,2857,Italy,payment_failed,chat,medium,2024-06-15 14:58:00,2024-06-15 18:31:36,3.56,resolved
545,4400,UK,card_declined,email,low,2024-11-08 02:53:00,2024-11-08 10:53:00,8.0,resolved
546,4087,Italy,login_issue,chat,low,2024-11-28 23:27:00,2024-11-29 06:32:24,7.09,resolved
547,1072,Italy,kyc_verification,chat,high,2024-05-23 11:57:00,2024-05-23 20:11:24,8.24,resolved
548,2423,Germany,kyc_verification,email,critical,2024-01-27 05:20:00,2024-01-27 15:06:48,9.78,resolved
549,2078,France,payment_failed,chat,critical,2024-05-07 21:41:00,2024-05-08 07:46:24,10.09,resolved
550,2593,UK,kyc_verification,chat,low,2024-02-13 05:40:00,2024-02-13 12:58:36,7.31,resolved
551,2063,France,login_issue,chat,medium,2024-09-26 08:39:00,2024-09-26 09:48:00,1.15,resolved
552,3135,France,payment_failed,phone,low,2024-10-06 08:12:00,2024-10-06 08:39:36,0.46,resolved
553,4085,Spain,login_issue,chat,medium,2024-08-09 07:36:00,2024-08-09 14:58:12,7.37,resolved
554,2211,UK,kyc_verification,phone,high,2024-08-12 21:50:00,2024-08-13 01:30:12,3.67,resolved
555,4366,France,kyc_verification,chat,low,2024-01-30 00:05:00,2024-01-30 10:03:48,9.98,resolved
556,2420,Spain,card_declined,phone,high,2024-04-12 13:49:00,2024-04-12 21:36:24,7.79,resolved
557,1594,Spain,kyc_verification,chat,critical,2024-03-18 20:59:00,2024-03-19 07:39:12,10.67,resolved
558,1996,Italy,card_declined,phone,high,2024-08-28 10:08:00,2024-08-28 10:54:12,0.77,resolved
559,2205,Germany,login_issue,phone,medium,2024-03-20 02:18:00,2024-03-20 13:12:36,10.91,resolved
560,1841,Spain,payment_failed,chat,medium,2024-07-08 16:49:00,2024-07-08 18:50:12,2.02,resolved
561,3197,Germany,card_declined,chat,critical,2024-10-06 08:14:00,2024-10-06 19:15:12,11.02,resolved
562,3538,France,login_issue,email,medium,2024-06-20 14:43:00,2024-06-21 01:13:00,10.5,resolved
563,3620,Italy,login_issue,phone,high,2024-07-09 09:09:00,2024-07-09 18:39:36,9.51,resolved
564,3231,UK,kyc_verification,chat,medium,2024-09-16 07:46:00,2024-09-16 17:10:36,9.41,resolved
565,1623,Spain,login_issue,email,critical,2024-01-29 14:01:00,2024-01-29 15:26:48,1.43,resolved
566,1143,Italy,payment_failed,email,high,2024-04-10 05:24:00,2024-04-10 10:36:00,5.2,resolved
567,1055,France,login_issue,email,high,2024-06-05 04:20:00,2024-06-05 09:44:00,5.4,resolved
568,1953,UK,login_issue,chat,high,2024-03-04 16:27:00,2024-03-05 04:09:00,11.7,resolved
569,2748,Germany,kyc_verification,chat,critical,2024-09-08 22:44:00,2024-09-09 02:12:12,3.47,resolved
570,3257,France,payment_failed,chat,high,2024-02-12 13:09:00,2024-02-12 17:27:36,4.31,resolved
571,2220,Spain,login_issue,email,medium,2024-01-21 23:33:00,2024-01-22 10:42:36,11.16,resolved
572,2874,Spain,card_declined,email,low,2024-09-09 08:23:00,2024-09-09 16:21:12,7.97,resolved
573,1922,Spain,payment_failed,phone,high,2024-10-23 06:55:00,2024-10-23 12:27:24,5.54,resolved
574,3830,France,card_declined,email,low,2024-06-28 09:35:00,2024-06-28 19:27:12,9.87,resolved
575,2990,France,payment_failed,phone,medium,2024-05-03 05:30:00,2024-05-03 07:16:12,1.77,resolved
576,3715,Italy,payment_failed,chat,high,2024-08-19 11:38:00,2024-08-19 16:23:36,4.76,resolved
577,3110,Spain,card_declined,chat,critical,2024-07-04 05:01:00,2024-07-04 10:17:12,5.27,resolved
578,2879,Italy,card_declined,email,critical,2024-06-29 05:54:00,2024-06-29 16:25:48,10.53,resolved
579,2174,Italy,kyc_verification,email,medium,2024-09-10 19:12:00,2024-09-10 23:06:00,3.9,resolved
580,2168,UK,card_declined,email,high,2024-05-17 22:18:00,2024-05-18 01:00:36,2.71,resolved
581,2839,Germany,kyc_verification,chat,high,2024-03-22 08:18:00,2024-03-22 12:48:36,4.51,resolved
582,1088,Spain,login_issue,chat,low,2024-09-02 07:24:00,2024-09-02 08:52:12,1.47,resolved
583,4572,UK,card_declined,email,medium,2024-09-17 19:00:00,2024-09-18 01:57:00,6.95,resolved
584,2666,Spain,kyc_verification,email,medium,2024-04-21 11:20:00,2024-04-21 22:04:24,10.74,resolved
585,4811,Italy,kyc_verification,email,critical,2024-10-15 11:34:00,2024-10-15 13:25:36,1.86,resolved
586,2563,Italy,kyc_verification,email,critical,2024-06-07 22:06:00,2024-06-08 07:39:36,9.56,resolved
587,2680,UK,login_issue,phone,medium,2024-10-30 21:42:00,2024-10-31 09:04:48,11.38,resolved
588,4610,Italy,login_issue,phone,low,2024-05-22 10:34:00,2024-05-22 14:13:36,3.66,resolved
589,3869,UK,login_issue,phone,critical,2024-06-21 14:13:00,2024-06-22 01:50:12,11.62,resolved
590,3407,Germany,card_declined,phone,critical,2024-10-21 01:16:00,2024-10-21 05:20:12,4.07,resolved
591,2444,France,payment_failed,email,critical,2024-07-31 21:08:00,2024-08-01 01:15:48,4.13,resolved
592,3051,Germany,card_declined,phone,low,2024-04-02 23:57:00,2024-04-03 11:55:12,11.97,resolved
593,2840,Italy,login_issue,phone,high,2024-04-18 02:09:00,2024-04-18 05:39:36,3.51,resolved
594,1425,Spain,login_issue,phone,critical,2024-09-29 06:04:00,2024-09-29 09:44:12,3.67,resolved
595,4545,Germany,kyc_verification,email,high,2024-11-23 14:38:00,2024-11-23 21:29:36,6.86,resolved
596,4840,France,login_issue,chat,medium,2024-05-05 18:12:00,2024-05-06 04:33:00,10.35,resolved
597,2642,UK,login_issue,email,low,2024-03-23 15:31:00,2024-03-23 19:37:36,4.11,resolved
598,4997,Germany,kyc_verification,chat,low,2024-11-24 00:33:00,2024-11-24 12:18:36,11.76,resolved
599,3613,France,kyc_verification,email,critical,2024-08-21 02:30:00,2024-08-21 12:19:12,9.82,resolved
600,2398,Spain,card_declined,phone,medium,2024-01-01 01:21:00,2024-01-01 05:01:48,3.68,resolved
601,1237,UK,card_declined,chat,high,2024-01-22 06:45:00,2024-01-22 09:06:36,2.36,resolved
602,4460,France,login_issue,phone,medium,2024-04-19 10:42:00,2024-04-19 11:57:36,1.26,resolved
603,4423,France,payment_failed,chat,critical,2024-03-05 12:50:00,2024-03-05 23:36:12,10.77,resolved
604,1086,France,card_declined,chat,critical,2024-10-06 06:30:00,2024-10-06 17:21:00,10.85,resolved
605,1368,UK,kyc_verification,phone,high,2024-08-29 21:48:00,2024-08-30 01:33:36,3.76,resolved
606,1910,Germany,payment_failed,email,critical,2024-04-01 07:50:00,2024-04-01 08:46:24,0.94,resolved
607,1528,Italy,card_declined,phone,high,2024-05-23 14:56:00,2024-05-23 15:37:24,0.69,resolved
608,3071,UK,kyc_verification,chat,critical,2024-07-15 15:55:00,2024-07-16 01:41:48,9.78,resolved
609,3454,Italy,card_declined,chat,critical,2024-06-21 08:10:00,2024-06-21 17:02:48,8.88,resolved
610,4072,France,login_issue,chat,critical,2024-01-29 11:33:00,2024-01-29 18:44:24,7.19,resolved
611,2565,France,payment_failed,email,medium,2024-11-01 20:15:00,2024-11-01 23:33:00,3.3,resolved
612,3008,France,payment_failed,chat,medium,2024-08-03 23:02:00,2024-08-04 04:15:12,5.22,resolved
613,4155,UK,payment_failed,phone,low,2024-07-01 23:01:00,2024-07-02 06:11:48,7.18,resolved
614,4810,UK,card_declined,phone,critical,2024-06-15 23:22:00,2024-06-16 04:11:12,4.82,resolved
615,2139,Germany,payment_failed,chat,low,2024-08-07 11:18:00,2024-08-07 17:13:12,5.92,resolved
616,3953,UK,login_issue,phone,high,2024-09-07 22:31:00,2024-09-08 00:19:00,1.8,resolved
617,2016,Italy,card_declined,email,critical,2024-11-19 12:41:00,2024-11-19 23:18:48,10.63,resolved
618,1164,UK,payment_failed,phone,low,2024-10-10 23:36:00,2024-10-11 08:16:48,8.68,resolved
619,2753,Spain,card_declined,chat,low,2024-08-09 09:40:00,2024-08-09 20:26:48,10.78,resolved
620,4271,Germany,payment_failed,chat,high,2024-11-23 23:31:00,2024-11-24 07:55:00,8.4,resolved
621,2826,Italy,login_issue,email,medium,2024-05-18 12:02:00,2024-05-18 22:49:24,10.79,resolved
622,3024,UK,payment_failed,phone,medium,2024-08-01 19:04:00,2024-08-01 20:25:36,1.36,resolved
623,3959,Italy,kyc_verification,email,high,2024-10-20 18:31:00,2024-10-21 05:06:24,10.59,resolved
624,1225,UK,payment_failed,chat,low,2024-08-25 04:36:00,2024-08-25 12:31:12,7.92,resolved
625,4497,Spain,kyc_verification,email,medium,2024-02-23 17:55:00,2024-02-23 18:14:12,0.32,resolved
626,2482,Germany,payment_failed,email,medium,2024-01-05 19:47:00,2024-01-06 00:05:36,4.31,resolved
627,2296,Spain,login_issue,chat,medium,2024-03-16 02:47:00,2024-03-16 07:16:24,4.49,resolved
628,3920,Germany,login_issue,email,critical,2024-01-04 16:01:00,2024-01-05 03:14:12,11.22,resolved
629,4277,France,kyc_verification,phone,low,2024-06-13 19:39:00,2024-06-13 23:27:36,3.81,resolved
630,1449,Germany,card_declined,email,medium,2024-08-02 19:49:00,2024-08-03 01:33:24,5.74,resolved
631,2493,France,login_issue,phone,high,2024-11-24 18:42:00,2024-11-24 19:31:48,0.83,resolved
632,2003,Germany,kyc_verification,chat,medium,2024-10-09 21:23:00,2024-10-10 02:18:12,4.92,resolved
633,3987,Italy,payment_failed,chat,high,2024-02-25 11:37:00,2024-02-25 17:56:12,6.32,resolved
634,2701,Germany,payment_failed,email,medium,2024-11-18 02:01:00,2024-11-18 13:59:48,11.98,resolved
635,4257,Germany,card_declined,chat,medium,2024-05-11 18:29:00,2024-05-11 19:05:36,0.61,resolved
636,1560,France,kyc_verification,chat,high,2024-10-20 00:43:00,2024-10-20 11:40:00,10.95,resolved
637,2815,UK,payment_failed,email,medium,2024-11-30 00:12:00,2024-11-30 01:16:48,1.08,resolved
638,2196,France,kyc_verification,phone,low,2024-05-10 18:02:00,2024-05-10 20:17:36,2.26,resolved
639,4726,Germany,login_issue,phone,low,2024-09-22 02:25:00,2024-09-22 13:22:36,10.96,resolved
640,4414,Germany,login_issue,chat,low,2024-06-27 19:33:00,2024-06-28 00:48:36,5.26,resolved
641,2145,France,login_issue,phone,critical,2024-01-06 05:23:00,2024-01-06 16:26:00,11.05,resolved
642,4096,Germany,kyc_verification,phone,high,2024-05-24 01:40:00,2024-05-24 07:39:24,5.99,resolved
643,4446,Italy,kyc_verification,phone,critical,2024-05-12 14:32:00,2024-05-12 16:08:36,1.61,resolved
644,3835,Italy,login_issue,chat,critical,2024-09-26 00:42:00,2024-09-26 11:54:36,11.21,resolved
645,2052,Italy,card_declined,phone,high,2024-03-18 16:50:00,2024-03-18 20:26:36,3.61,resolved
646,3163,Italy,kyc_verification,chat,critical,2024-02-14 04:00:00,2024-02-14 11:43:48,7.73,resolved
647,1953,Spain,login_issue,email,low,2024-03-21 14:03:00,2024-03-22 01:15:36,11.21,resolved
648,4847,UK,card_declined,email,medium,2024-07-05 10:04:00,2024-07-05 17:38:12,7.57,resolved
649,3274,Spain,login_issue,chat,critical,2024-10-16 12:54:00,2024-10-17 00:48:00,11.9,resolved
650,4678,Spain,kyc_verification,chat,critical,2024-06-05 12:43:00,2024-06-05 15:50:12,3.12,resolved
651,4612,Spain,kyc_verification,chat,medium,2024-06-09 18:01:00,2024-06-09 19:50:48,1.83,resolved
652,2063,UK,card_declined,chat,high,2024-04-12 17:04:00,2024-04-12 20:56:12,3.87,resolved
653,2763,Spain,card_declined,email,high,2024-03-19 18:15:00,2024-03-20 05:04:48,10.83,resolved
654,4280,France,payment_failed,email,high,2024-01-12 02:26:00,2024-01-12 08:00:48,5.58,resolved
655,1697,Italy,kyc_verification,email,medium,2024-07-16 23:09:00,2024-07-17 09:06:36,9.96,resolved
656,3306,Spain,payment_failed,phone,medium,2024-04-17 05:11:00,2024-04-17 14:48:12,9.62,resolved
657,3555,UK,payment_failed,chat,low,2024-05-31 11:09:00,2024-05-31 19:42:36,8.56,resolved
658,1190,Italy,login_issue,phone,medium,2024-09-07 00:31:00,2024-09-07 09:31:00,9.0,resolved
659,2958,Italy,login_issue,phone,critical,2024-09-18 12:11:00,2024-09-18 23:12:12,11.02,resolved
660,3357,Italy,payment_failed,chat,critical,2024-11-06 11:09:00,2024-11-06 15:06:36,3.96,resolved
661,3749,Germany,kyc_verification,chat,critical,2024-09-07 08:13:00,2024-09-07 19:44:48,11.53,resolved
662,1538,UK,kyc_verification,email,high,2024-11-30 05:48:00,2024-11-30 17:16:48,11.48,resolved
663,4023,UK,login_issue,phone,high,2024-05-27 09:50:00,2024-05-27 15:09:48,5.33,resolved
664,4364,Spain,kyc_verification,email,critical,2024-02-01 21:29:00,2024-02-02 04:52:24,7.39,resolved
665,3072,Germany,login_issue,phone,medium,2024-02-20 10:58:00,2024-02-20 21:32:12,10.57,resolved
666,4471,Spain,card_declined,chat,high,2024-06-14 07:35:00,2024-06-14 11:48:48,4.23,resolved
667,3180,France,payment_failed,chat,medium,2024-10-05 21:23:00,2024-10-06 07:24:48,10.03,resolved
668,2356,France,kyc_verification,email,high,2024-05-07 03:15:00,2024-05-07 10:31:48,7.28,resolved
669,1676,UK,payment_failed,chat,critical,2024-11-02 14:05:00,2024-11-02 18:09:12,4.07,resolved
670,3637,France,card_declined,email,critical,2024-02-24 03:58:00,2024-02-24 14:27:24,10.49,resolved
671,1137,UK,payment_failed,email,high,2024-07-13 03:07:00,2024-07-13 06:16:36,3.16,resolved
672,2674,Spain,kyc_verification,phone,low,2024-06-08 02:53:00,2024-06-08 07:08:36,4.26,resolved
673,4722,France,login_issue,email,critical,2024-07-04 06:43:00,2024-07-04 07:59:12,1.27,resolved
674,3671,France,payment_failed,phone,high,2024-11-13 06:18:00,2024-11-13 07:40:12,1.37,resolved
675,2726,Italy,kyc_verification,email,low,2024-02-03 13:18:00,2024-02-03 15:41:24,2.39,resolved
676,1018,Germany,payment_failed,email,critical,2024-05-05 20:39:00,2024-05-06 03:01:48,6.38,resolved
677,4772,France,login_issue,email,critical,2024-02-27 02:09:00,2024-02-27 04:25:12,2.27,resolved
678,2918,France,card_declined,email,critical,2024-07-13 05:29:00,2024-07-13 10:47:36,5.31,resolved
679,2528,Spain,payment_failed,email,high,2024-04-12 13:04:00,2024-04-12 15:23:48,2.33,resolved
680,2603,France,payment_failed,email,critical,2024-01-27 07:28:00,2024-01-27 16:40:00,9.2,resolved
681,1564,France,card_declined,phone,medium,2024-11-10 13:08:00,2024-11-10 19:38:00,6.5,resolved
682,2552,UK,login_issue,chat,critical,2024-12-10 14:22:00,2024-12-10 19:56:48,5.58,resolved
683,3582,Spain,login_issue,phone,medium,2024-08-15 23:33:00,2024-08-16 04:06:00,4.55,resolved
684,2403,France,kyc_verification,email,low,2024-03-16 23:18:00,2024-03-17 04:19:48,5.03,resolved
685,4445,UK,kyc_verification,chat,medium,2024-06-01 00:58:00,2024-06-01 05:35:12,4.62,resolved
686,1393,UK,payment_failed,email,critical,2024-06-29 21:42:00,2024-06-30 03:04:48,5.38,resolved
687,1493,Italy,login_issue,phone,medium,2024-01-25 00:58:00,2024-01-25 06:24:24,5.44,resolved
688,3333,Italy,card_declined,email,medium,2024-09-28 17:07:00,2024-09-28 18:46:36,1.66,resolved
689,4607,Spain,payment_failed,email,medium,2024-11-30 05:06:00,2024-11-30 15:35:24,10.49,resolved
690,3165,Germany,kyc_verification,phone,critical,2024-02-16 04:04:00,2024-02-16 11:58:36,7.91,resolved
691,3390,Italy,payment_failed,email,low,2024-10-29 00:23:00,2024-10-29 06:24:12,6.02,resolved
692,1972,France,payment_failed,phone,critical,2024-09-05 01:09:00,2024-09-05 07:45:36,6.61,resolved
693,1518,France,payment_failed,email,medium,2024-04-21 04:11:00,2024-04-21 15:56:36,11.76,resolved
694,1147,Germany,payment_failed,email,low,2024-06-17 13:02:00,2024-06-17 21:54:12,8.87,resolved
695,2058,Italy,payment_failed,phone,high,2024-06-26 06:16:00,2024-06-26 10:59:12,4.72,resolved
696,4792,France,card_declined,chat,low,2024-08-12 18:29:00,2024-08-13 05:22:24,10.89,resolved
697,3746,Germany,card_declined,chat,medium,2024-06-12 13:56:00,2024-06-12 18:50:00,4.9,resolved
698,1376,UK,kyc_verification,email,high,2024-10-11 06:13:00,2024-10-11 13:20:12,7.12,resolved
699,4558,France,kyc_verification,phone,critical,2024-07-06 08:43:00,2024-07-06 16:12:24,7.49,resolved
700,2261,Germany,card_declined,phone,critical,2024-09-22 02:52:00,2024-09-22 04:52:36,2.01,resolved
701,2385,UK,kyc_verification,phone,medium,2024-09-08 01:48:00,2024-09-08 11:21:00,9.55,resolved
702,3038,Spain,payment_failed,email,medium,2024-10-19 22:47:00,2024-10-20 09:35:00,10.8,resolved
703,3795,France,payment_failed,email,low,2024-12-09 00:31:00,2024-12-09 09:52:00,9.35,resolved
704,1425,UK,kyc_verification,phone,critical,2024-08-01 09:15:00,2024-08-01 21:07:12,11.87,resolved
705,2903,Germany,payment_failed,email,high,2024-11-26 03:31:00,2024-11-26 12:02:48,8.53,resolved
706,2152,Italy,kyc_verification,chat,medium,2024-07-10 02:22:00,2024-07-10 06:34:00,4.2,resolved
707,3139,France,login_issue,email,high,2024-12-05 21:30:00,2024-12-06 08:40:48,11.18,resolved
708,1852,Spain,kyc_verification,email,critical,2024-09-20 23:28:00,2024-09-21 02:40:00,3.2,resolved
709,1161,UK,payment_failed,email,critical,2024-07-20 06:27:00,2024-07-20 12:26:24,5.99,resolved
710,1331,UK,kyc_verification,chat,critical,2024-02-03 21:15:00,2024-02-04 02:24:36,5.16,resolved
711,1547,UK,login_issue,email,high,2024-02-05 08:06:00,2024-02-05 16:34:12,8.47,resolved
712,4908,Italy,payment_failed,email,medium,2024-08-08 10:44:00,2024-08-08 12:53:36,2.16,resolved
713,4608,Italy,kyc_verification,phone,medium,2024-08-07 03:43:00,2024-08-07 12:13:36,8.51,resolved
714,4693,Germany,kyc_verification,chat,low,2024-02-07 10:20:00,2024-02-07 20:41:36,10.36,resolved
715,1527,France,card_declined,phone,low,2024-12-11 00:15:00,2024-12-11 11:16:12,11.02,resolved
716,2247,UK,payment_failed,phone,low,2024-04-19 04:07:00,2024-04-19 15:58:36,11.86,resolved
717,2063,UK,login_issue,email,critical,2024-11-22 19:44:00,2024-11-23 05:05:00,9.35,resolved
718,4219,Italy,card_declined,phone,high,2024-12-02 08:58:00,2024-12-02 19:10:36,10.21,resolved
719,4825,France,payment_failed,chat,low,2024-09-02 06:22:00,2024-09-02 07:28:36,1.11,resolved
720,4470,Germany,card_declined,phone,medium,2024-06-26 16:47:00,2024-06-26 22:54:12,6.12,resolved
721,1532,France,kyc_verification,chat,critical,2024-05-30 19:01:00,2024-05-31 06:32:12,11.52,resolved
722,1492,France,payment_failed,chat,critical,2024-03-26 07:34:00,2024-03-26 16:34:00,9.0,resolved
723,1816,Italy,payment_failed,email,high,2024-09-10 20:21:00,2024-09-10 22:04:48,1.73,resolved
724,1605,UK,payment_failed,phone,medium,2024-08-21 12:28:00,2024-08-21 17:14:12,4.77,resolved
725,3828,Germany,card_declined,email,critical,2024-05-30 03:14:00,2024-05-30 08:04:24,4.84,resolved
726,3475,France,card_declined,chat,critical,2024-10-29 03:23:00,2024-10-29 04:19:24,0.94,resolved
727,3575,Germany,card_declined,chat,low,2024-01-10 05:18:00,2024-01-10 12:10:12,6.87,resolved
728,4423,Germany,login_issue,email,low,2024-11-19 12:55:00,2024-11-19 14:31:36,1.61,resolved
729,2289,Germany,kyc_verification,chat,low,2024-03-20 01:51:00,2024-03-20 05:04:48,3.23,resolved
730,3526,Italy,login_issue,email,critical,2024-08-17 17:18:00,2024-08-17 21:42:36,4.41,resolved
731,2787,UK,login_issue,phone,low,2024-02-13 16:09:00,2024-02-14 04:02:24,11.89,resolved
732,3387,France,payment_failed,email,medium,2024-12-05 22:35:00,2024-12-06 02:35:00,4.0,resolved
733,2233,France,card_declined,phone,high,2024-12-09 00:30:00,2024-12-09 10:12:36,9.71,resolved
734,1155,France,kyc_verification,email,medium,2024-07-22 06:54:00,2024-07-22 17:19:48,10.43,resolved
735,1697,UK,payment_failed,phone,medium,2024-05-12 10:38:00,2024-05-12 12:25:24,1.79,resolved
736,4664,Spain,card_declined,chat,low,2024-05-12 02:50:00,2024-05-12 11:06:48,8.28,resolved
737,3519,France,payment_failed,email,critical,2024-02-24 02:05:00,2024-02-24 08:26:36,6.36,resolved
738,2285,France,login_issue,chat,medium,2024-03-04 01:27:00,2024-03-04 12:25:12,10.97,resolved
739,4211,Italy,card_declined,phone,high,2024-02-05 01:54:00,2024-02-05 06:03:00,4.15,resolved
740,1946,France,kyc_verification,phone,low,2024-05-30 20:41:00,2024-05-31 03:48:12,7.12,resolved
741,2885,Germany,payment_failed,phone,medium,2024-03-11 22:44:00,2024-03-12 07:42:48,8.98,resolved
742,1411,France,login_issue,phone,low,2024-02-27 20:42:00,2024-02-28 06:00:36,9.31,resolved
743,1973,Spain,card_declined,phone,low,2024-09-15 23:28:00,2024-09-16 09:10:00,9.7,resolved
744,3083,Germany,login_issue,email,critical,2024-11-24 20:54:00,2024-11-25 06:06:00,9.2,resolved
745,4324,France,login_issue,chat,low,2024-06-11 00:51:00,2024-06-11 03:13:12,2.37,resolved
746,4158,UK,login_issue,chat,high,2024-03-11 18:09:00,2024-03-11 18:53:24,0.74,resolved
747,3976,France,card_declined,phone,high,2024-03-19 08:05:00,2024-03-19 14:18:48,6.23,resolved
748,2208,Germany,payment_failed,email,critical,2024-08-10 01:21:00,2024-08-10 12:45:00,11.4,resolved
749,3897,Germany,payment_failed,chat,critical,2024-09-09 21:34:00,2024-09-10 03:01:36,5.46,resolved
750,1013,Italy,kyc_verification,email,medium,2024-05-15 20:54:00,2024-05-15 21:46:12,0.87,resolved
751,2259,Germany,login_issue,chat,high,2024-01-13 09:35:00,2024-01-13 15:08:36,5.56,resolved
752,1342,France,kyc_verification,email,critical,2024-01-10 09:33:00,2024-01-10 20:49:12,11.27,resolved
753,2345,Italy,payment_failed,chat,high,2024-02-25 11:25:00,2024-02-25 19:03:24,7.64,resolved
754,4913,France,login_issue,chat,low,2024-09-24 22:13:00,2024-09-25 08:52:36,10.66,resolved
755,2892,Germany,login_issue,email,critical,2024-04-02 19:08:00,2024-04-03 06:00:48,10.88,resolved
756,3609,UK,card_declined,phone,low,2024-12-12 10:13:00,2024-12-12 18:51:24,8.64,resolved
757,3139,Germany,card_declined,phone,low,2024-03-22 04:46:00,2024-03-22 15:04:00,10.3,resolved
758,4902,UK,payment_failed,chat,critical,2024-05-22 20:45:00,2024-05-23 04:23:24,7.64,resolved
759,2823,UK,card_declined,phone,high,2024-11-02 10:02:00,2024-11-02 14:19:24,4.29,resolved
760,3167,Spain,card_declined,chat,low,2024-03-15 09:22:00,2024-03-15 17:35:12,8.22,resolved
761,2197,France,card_declined,email,high,2024-02-07 22:23:00,2024-02-08 01:06:48,2.73,resolved
762,2647,UK,card_declined,phone,low,2024-05-18 07:53:00,2024-05-18 14:18:12,6.42,resolved
763,4291,Spain,kyc_verification,chat,medium,2024-01-06 13:03:00,2024-01-06 17:00:36,3.96,resolved
764,1095,Spain,kyc_verification,phone,critical,2024-10-03 21:39:00,2024-10-04 07:43:48,10.08,resolved
765,4323,Italy,payment_failed,email,critical,2024-09-29 02:30:00,2024-09-29 03:42:00,1.2,resolved
766,3997,France,kyc_verification,chat,medium,2024-08-04 02:58:00,2024-08-04 14:34:00,11.6,resolved
767,2942,Spain,card_declined,chat,medium,2024-05-31 21:34:00,2024-06-01 02:38:48,5.08,resolved
768,3565,Spain,kyc_verification,phone,high,2024-02-28 03:06:00,2024-02-28 06:17:24,3.19,resolved
769,3824,Spain,kyc_verification,phone,critical,2024-09-06 11:44:00,2024-09-06 13:18:48,1.58,resolved
770,1628,UK,payment_failed,email,critical,2024-06-25 01:00:00,2024-06-25 12:54:00,11.9,resolved
771,2916,UK,login_issue,phone,medium,2024-02-04 02:52:00,2024-02-04 04:13:00,1.35,resolved
772,1417,UK,kyc_verification,chat,high,2024-08-26 09:33:00,2024-08-26 21:28:48,11.93,resolved
773,1690,Spain,card_declined,phone,low,2024-09-12 04:18:00,2024-09-12 15:51:36,11.56,resolved
774,3390,France,card_declined,phone,low,2024-07-04 00:28:00,2024-07-04 07:44:12,7.27,resolved
775,3623,France,card_declined,phone,critical,2024-03-30 09:48:00,2024-03-30 15:02:24,5.24,resolved
776,4057,Italy,login_issue,chat,critical,2024-04-13 22:11:00,2024-04-14 06:01:24,7.84,resolved
777,3805,Spain,login_issue,email,critical,2024-01-03 18:56:00,2024-01-04 06:36:48,11.68,resolved
778,2277,Germany,kyc_verification,email,low,2024-09-22 14:22:00,2024-09-23 02:04:00,11.7,resolved
779,4304,UK,card_declined,email,medium,2024-12-07 14:33:00,2024-12-07 17:58:48,3.43,resolved
780,4021,France,card_declined,chat,critical,2024-08-23 18:17:00,2024-08-24 02:01:24,7.74,resolved
781,1265,Spain,card_declined,phone,low,2024-09-19 11:31:00,2024-09-19 18:37:00,7.1,resolved
782,2785,France,payment_failed,phone,high,2024-04-20 04:21:00,2024-04-20 13:43:48,9.38,resolved
783,2159,UK,payment_failed,email,medium,2024-06-26 23:27:00,2024-06-27 08:46:12,9.32,resolved
784,1649,Italy,payment_failed,chat,medium,2024-05-05 06:04:00,2024-05-05 17:25:36,11.36,resolved
785,1188,Germany,payment_failed,chat,high,2024-08-01 16:39:00,2024-08-02 03:11:24,10.54,resolved
786,4286,UK,login_issue,email,low,2024-09-08 12:52:00,2024-09-08 20:40:00,7.8,resolved
787,3594,UK,login_issue,chat,low,2024-03-04 10:43:00,2024-03-04 14:50:12,4.12,resolved
788,2325,Italy,card_declined,chat,high,2024-09-24 18:30:00,2024-09-25 01:45:00,7.25,resolved
789,1980,Spain,payment_failed,phone,medium,2024-05-09 10:23:00,2024-05-09 15:29:00,5.1,resolved
790,3616,Italy,kyc_verification,chat,medium,2024-01-26 12:29:00,2024-01-26 19:45:12,7.27,resolved
791,1981,Spain,payment_failed,phone,critical,2024-01-22 19:22:00,2024-01-22 21:25:00,2.05,resolved
792,4717,France,kyc_verification,email,critical,2024-02-15 11:36:00,2024-02-15 13:30:00,1.9,resolved
793,1531,Italy,card_declined,email,high,2024-08-21 07:50:00,2024-08-21 15:52:24,8.04,resolved
794,4799,Spain,kyc_verification,phone,medium,2024-08-22 00:57:00,2024-08-22 09:06:00,8.15,resolved
795,2381,Germany,kyc_verification,chat,medium,2024-04-12 16:57:00,2024-04-12 20:57:36,4.01,resolved
796,1560,Germany,card_declined,phone,high,2024-02-27 07:09:00,2024-02-27 13:13:12,6.07,resolved
797,2114,France,payment_failed,phone,critical,2024-12-03 06:01:00,2024-12-03 10:45:24,4.74,resolved
798,2174,Spain,kyc_verification,chat,medium,2024-10-07 22:38:00,2024-10-08 00:59:36,2.36,resolved
799,2503,Germany,payment_failed,phone,medium,2024-07-27 12:20:00,2024-07-27 23:02:00,10.7,resolved
800,2161,Germany,login_issue,chat,critical,2024-12-05 09:54:00,2024-12-05 12:12:36,2.31,resolved
801,2897,Germany,card_declined,email,low,2024-05-20 21:01:00,2024-05-20 23:51:24,2.84,resolved
802,2575,UK,login_issue,email,low,2024-04-02 20:01:00,2024-04-02 23:14:12,3.22,resolved
803,1519,Spain,kyc_verification,phone,low,2024-04-28 18:58:00,2024-04-29 05:49:36,10.86,resolved
804,1010,France,login_issue,email,high,2024-02-02 15:19:00,2024-02-02 23:34:36,8.26,resolved
805,3400,UK,card_declined,email,high,2024-03-06 05:04:00,2024-03-06 11:52:36,6.81,resolved
806,3242,Germany,card_declined,email,low,2024-01-13 19:28:00,2024-01-14 03:07:36,7.66,resolved
807,4919,UK,payment_failed,email,critical,2024-05-05 11:37:00,2024-05-05 16:31:00,4.9,resolved
808,3154,Spain,kyc_verification,chat,high,2024-01-22 08:58:00,2024-01-22 15:32:48,6.58,resolved
809,4015,France,kyc_verification,phone,medium,2024-08-12 16:55:00,2024-08-12 17:28:00,0.55,resolved
810,4113,Spain,card_declined,email,low,2024-11-22 03:46:00,2024-11-22 13:46:00,10.0,resolved
811,3522,Italy,kyc_verification,chat,critical,2024-11-01 08:55:00,2024-11-01 09:17:12,0.37,resolved
812,3981,UK,kyc_verification,chat,medium,2024-11-26 20:24:00,2024-11-26 23:33:00,3.15,resolved
813,2319,France,payment_failed,chat,medium,2024-01-22 11:21:00,2024-01-22 11:55:48,0.58,resolved
814,3177,UK,card_declined,chat,medium,2024-04-23 10:07:00,2024-04-23 16:38:12,6.52,resolved
815,2562,Italy,kyc_verification,chat,low,2024-10-06 19:26:00,2024-10-06 23:42:48,4.28,resolved
816,3032,Germany,payment_failed,phone,critical,2024-10-07 15:13:00,2024-10-07 21:44:12,6.52,resolved
817,3841,Germany,payment_failed,email,critical,2024-10-30 02:42:00,2024-10-30 09:06:00,6.4,resolved
818,2365,Spain,kyc_verification,email,low,2024-07-06 21:19:00,2024-07-07 08:27:24,11.14,resolved
819,3693,Spain,kyc_verification,phone,high,2024-05-12 20:42:00,2024-05-13 06:24:00,9.7,resolved
820,3436,UK,kyc_verification,phone,low,2024-02-21 21:43:00,2024-02-22 06:46:36,9.06,resolved
821,2991,UK,kyc_verification,chat,critical,2024-03-02 00:06:00,2024-03-02 01:26:24,1.34,resolved
822,2767,France,payment_failed,chat,high,2024-01-04 22:07:00,2024-01-05 08:38:48,10.53,resolved
823,1594,Spain,kyc_verification,chat,low,2024-05-08 12:10:00,2024-05-08 14:29:48,2.33,resolved
824,1643,Spain,card_declined,chat,high,2024-10-06 11:02:00,2024-10-06 20:22:24,9.34,resolved
825,4524,Italy,login_issue,email,critical,2024-06-22 13:47:00,2024-06-22 21:00:48,7.23,resolved
826,3849,Italy,payment_failed,email,critical,2024-07-21 10:39:00,2024-07-21 14:57:00,4.3,resolved
827,1513,Spain,payment_failed,phone,critical,2024-03-24 02:07:00,2024-03-24 03:32:12,1.42,resolved
828,3450,UK,payment_failed,chat,critical,2024-11-02 08:34:00,2024-11-02 13:39:24,5.09,resolved
829,1950,UK,kyc_verification,chat,critical,2024-03-08 06:52:00,2024-03-08 07:43:00,0.85,resolved
830,1442,Germany,login_issue,phone,low,2024-09-03 14:12:00,2024-09-03 19:10:12,4.97,resolved
831,1647,Italy,card_declined,email,medium,2024-02-11 01:20:00,2024-02-11 11:20:36,10.01,resolved
832,2579,Spain,card_declined,chat,low,2024-04-17 09:57:00,2024-04-17 16:04:12,6.12,resolved
833,4509,UK,login_issue,email,high,2024-01-18 01:54:00,2024-01-18 10:45:00,8.85,resolved
834,1167,Italy,kyc_verification,phone,high,2024-11-15 06:54:00,2024-11-15 07:20:24,0.44,resolved
835,1373,Spain,payment_failed,email,medium,2024-08-08 03:17:00,2024-08-08 03:50:36,0.56,resolved
836,4548,France,card_declined,email,medium,2024-01-28 02:17:00,2024-01-28 04:24:12,2.12,resolved
837,3148,Italy,login_issue,phone,medium,2024-01-27 20:37:00,2024-01-28 02:07:36,5.51,resolved
838,2986,UK,login_issue,phone,high,2024-04-09 09:07:00,2024-04-09 19:58:00,10.85,resolved
839,3854,France,kyc_verification,phone,critical,2024-04-10 03:22:00,2024-04-10 08:55:00,5.55,resolved
840,2607,UK,card_declined,chat,low,2024-04-01 11:54:00,2024-04-01 19:43:12,7.82,resolved
841,4961,Germany,card_declined,phone,high,2024-03-17 14:57:00,2024-03-17 18:01:12,3.07,resolved
842,1655,Spain,login_issue,email,medium,2024-02-24 19:28:00,2024-02-25 03:38:48,8.18,resolved
843,1707,UK,login_issue,chat,low,2024-08-22 01:48:00,2024-08-22 09:48:00,8.0,resolved
844,4704,UK,card_declined,email,high,2024-08-05 10:19:00,2024-08-05 11:42:24,1.39,resolved
845,1603,France,kyc_verification,email,medium,2024-07-05 21:25:00,2024-07-06 07:20:12,9.92,resolved
846,1403,Germany,payment_failed,email,medium,2024-09-11 00:14:00,2024-09-11 03:50:36,3.61,resolved
847,4678,UK,kyc_verification,email,high,2024-02-22 13:32:00,2024-02-23 00:44:00,11.2,resolved
848,3986,UK,payment_failed,phone,critical,2024-08-12 00:15:00,2024-08-12 06:13:12,5.97,resolved
849,4800,Germany,payment_failed,phone,medium,2024-07-03 20:48:00,2024-07-04 00:45:36,3.96,resolved
850,4033,UK,kyc_verification,phone,critical,2024-09-23 14:32:00,2024-09-23 21:51:48,7.33,resolved
851,1948,Spain,kyc_verification,email,medium,2024-06-24 23:08:00,2024-06-25 09:09:48,10.03,resolved
852,1808,Spain,card_declined,chat,medium,2024-10-01 10:41:00,2024-10-01 11:36:12,0.92,resolved
853,2196,UK,login_issue,chat,low,2024-08-29 17:10:00,2024-08-30 03:38:48,10.48,resolved
854,4852,Spain,card_declined,email,medium,2024-02-13 07:55:00,2024-02-13 13:43:00,5.8,resolved
855,1198,Germany,kyc_verification,phone,critical,2024-03-21 20:42:00,2024-03-22 00:28:12,3.77,resolved
856,3376,Italy,login_issue,email,low,2024-10-05 23:56:00,2024-10-06 10:08:36,10.21,resolved
857,1698,Spain,kyc_verification,email,high,2024-09-08 22:20:00,2024-09-09 06:30:48,8.18,resolved
858,4173,Spain,kyc_verification,phone,high,2024-01-19 19:33:00,2024-01-20 00:42:00,5.15,resolved
859,2932,Germany,kyc_verification,phone,medium,2024-01-03 14:41:00,2024-01-04 01:05:00,10.4,resolved
860,1061,UK,payment_failed,phone,medium,2024-01-15 21:23:00,2024-01-16 02:05:00,4.7,resolved
861,4332,UK,login_issue,email,critical,2024-06-05 21:47:00,2024-06-06 08:45:48,10.98,resolved
862,4828,Germany,payment_failed,email,medium,2024-09-08 20:57:00,2024-09-09 08:19:48,11.38,resolved
863,3446,UK,kyc_verification,phone,low,2024-07-20 10:40:00,2024-07-20 14:07:36,3.46,resolved
864,3385,Spain,login_issue,email,low,2024-11-10 01:30:00,2024-11-10 13:22:48,11.88,resolved
865,2267,Germany,login_issue,phone,critical,2024-09-02 06:26:00,2024-09-02 17:59:00,11.55,resolved
866,3949,Italy,card_declined,chat,critical,2024-10-11 16:49:00,2024-10-11 23:53:12,7.07,resolved
867,1247,Germany,card_declined,email,high,2024-02-06 02:09:00,2024-02-06 12:17:24,10.14,resolved
868,2082,Spain,card_declined,phone,medium,2024-03-02 07:30:00,2024-03-02 13:48:36,6.31,resolved
869,4395,UK,kyc_verification,chat,critical,2024-04-13 00:58:00,2024-04-13 04:42:24,3.74,resolved
870,3196,UK,kyc_verification,phone,high,2024-02-27 17:09:00,2024-02-27 21:35:24,4.44,resolved
871,2171,Spain,login_issue,chat,critical,2024-11-10 11:42:00,2024-11-10 14:07:48,2.43,resolved
872,4408,Italy,payment_failed,email,low,2024-05-02 13:28:00,2024-05-02 18:12:24,4.74,resolved
873,3240,Germany,kyc_verification,chat,critical,2024-10-06 19:40:00,2024-10-07 04:33:24,8.89,resolved
874,2293,Spain,payment_failed,chat,low,2024-02-11 09:46:00,2024-02-11 12:41:12,2.92,resolved
875,2204,France,login_issue,email,medium,2024-07-27 14:09:00,2024-07-28 01:06:36,10.96,resolved
876,3849,Italy,login_issue,chat,medium,2024-10-28 18:43:00,2024-10-29 06:18:24,11.59,resolved
877,4912,UK,login_issue,phone,low,2024-08-16 01:39:00,2024-08-16 06:21:36,4.71,resolved
878,3762,Italy,card_declined,chat,low,2024-02-10 11:45:00,2024-02-10 20:14:24,8.49,resolved
879,4547,Italy,login_issue,chat,low,2024-10-03 23:25:00,2024-10-04 04:02:12,4.62,resolved
880,3165,UK,card_declined,chat,critical,2024-10-05 22:00:00,2024-10-06 05:00:00,7.0,resolved
881,2669,France,login_issue,phone,high,2024-01-31 13:57:00,2024-01-31 18:16:48,4.33,resolved
882,1274,UK,payment_failed,chat,high,2024-07-22 07:28:00,2024-07-22 17:20:12,9.87,resolved
883,3461,UK,login_issue,phone,critical,2024-01-18 21:03:00,2024-01-19 02:50:24,5.79,resolved
884,3273,France,card_declined,phone,high,2024-02-17 11:33:00,2024-02-17 13:51:36,2.31,resolved
885,1312,France,login_issue,chat,high,2024-02-26 08:21:00,2024-02-26 12:49:48,4.48,resolved
886,4650,Germany,kyc_verification,phone,high,2024-04-21 06:19:00,2024-04-21 10:10:36,3.86,resolved
887,3902,France,kyc_verification,email,low,2024-06-27 11:47:00,2024-06-27 16:33:12,4.77,resolved
888,3443,France,login_issue,phone,high,2024-06-19 07:00:00,2024-06-19 12:26:24,5.44,resolved
889,3714,Italy,payment_failed,chat,high,2024-11-10 03:16:00,2024-11-10 08:55:36,5.66,resolved
890,3155,UK,kyc_verification,phone,high,2024-06-01 20:44:00,2024-06-02 02:30:48,5.78,resolved
891,3013,Germany,card_declined,phone,medium,2024-04-10 09:37:00,2024-04-10 20:22:36,10.76,resolved
892,1159,UK,login_issue,chat,low,2024-10-30 02:22:00,2024-10-30 13:25:00,11.05,resolved
893,3553,UK,login_issue,chat,high,2024-07-24 06:37:00,2024-07-24 14:45:24,8.14,resolved
894,3315,Germany,payment_failed,phone,low,2024-01-16 05:44:00,2024-01-16 10:44:00,5.0,resolved
895,1326,UK,login_issue,chat,critical,2024-03-08 20:37:00,2024-03-08 22:26:48,1.83,resolved
896,2330,UK,payment_failed,email,critical,2024-02-07 19:55:00,2024-02-08 04:08:12,8.22,resolved
897,4710,UK,login_issue,phone,medium,2024-07-12 01:26:00,2024-07-12 11:22:24,9.94,resolved
898,2919,Spain,login_issue,email,medium,2024-03-14 13:45:00,2024-03-15 01:33:00,11.8,resolved
899,1940,Germany,card_declined,email,critical,2024-08-12 16:08:00,2024-08-12 20:33:12,4.42,resolved
900,3580,Germany,card_declined,chat,medium,2024-02-18 18:06:00,2024-02-18 23:51:36,5.76,resolved
901,4746,Italy,login_issue,phone,critical,2024-01-16 22:11:00,2024-01-17 01:45:48,3.58,resolved
902,3604,UK,card_declined,chat,low,2024-03-15 15:04:00,2024-03-15 22:03:24,6.99,resolved
903,2982,Germany,kyc_verification,chat,high,2024-05-14 00:29:00,2024-05-14 01:09:48,0.68,resolved
904,1779,Italy,kyc_verification,phone,low,2024-09-11 20:50:00,2024-09-11 22:39:48,1.83,resolved
905,2096,France,payment_failed,chat,medium,2024-03-30 15:19:00,2024-03-30 16:56:12,1.62,resolved
906,1980,UK,login_issue,chat,critical,2024-01-06 03:05:00,2024-01-06 13:53:36,10.81,resolved
907,3961,UK,kyc_verification,email,high,2024-12-09 02:39:00,2024-12-09 05:19:12,2.67,resolved
908,2365,UK,kyc_verification,email,low,2024-01-16 10:46:00,2024-01-16 13:13:36,2.46,resolved
909,3805,Germany,login_issue,email,medium,2024-12-06 01:40:00,2024-12-06 04:55:00,3.25,resolved
910,2755,UK,payment_failed,chat,high,2024-03-21 17:30:00,2024-03-22 04:53:24,11.39,resolved
911,1445,Spain,login_issue,email,critical,2024-02-13 10:22:00,2024-02-13 13:19:36,2.96,resolved
912,3982,France,card_declined,email,low,2024-04-09 14:56:00,2024-04-09 21:09:12,6.22,resolved
913,3877,France,kyc_verification,phone,critical,2024-04-28 19:20:00,2024-04-28 21:51:12,2.52,resolved
914,4674,Germany,kyc_verification,email,critical,2024-04-18 17:48:00,2024-04-18 19:52:48,2.08,resolved
915,2780,Italy,kyc_verification,phone,high,2024-07-15 02:42:00,2024-07-15 14:21:36,11.66,resolved
916,2397,UK,login_issue,email,critical,2024-07-13 02:20:00,2024-07-13 04:03:48,1.73,resolved
917,3661,UK,login_issue,email,medium,2024-02-21 04:58:00,2024-02-21 08:14:48,3.28,resolved
918,2696,Spain,kyc_verification,email,high,2024-02-24 19:58:00,2024-02-25 01:13:00,5.25,resolved
919,1360,Spain,login_issue,chat,critical,2024-10-19 22:36:00,2024-10-19 23:01:48,0.43,resolved
920,2345,France,card_declined,chat,low,2024-11-24 18:59:00,2024-11-25 03:32:36,8.56,resolved
921,2546,Germany,kyc_verification,chat,critical,2024-06-25 10:04:00,2024-06-25 10:41:48,0.63,resolved
922,3915,France,login_issue,phone,critical,2024-09-20 01:31:00,2024-09-20 04:53:12,3.37,resolved
923,4271,UK,kyc_verification,phone,critical,2024-04-10 19:21:00,2024-04-10 22:16:12,2.92,resolved
924,4216,Italy,payment_failed,phone,medium,2024-04-30 23:48:00,2024-05-01 02:21:00,2.55,resolved
925,3099,France,payment_failed,chat,medium,2024-11-12 01:22:00,2024-11-12 09:00:24,7.64,resolved
926,1229,UK,kyc_verification,chat,high,2024-02-10 08:26:00,2024-02-10 15:32:36,7.11,resolved
927,1151,Spain,kyc_verification,phone,high,2024-11-09 10:53:00,2024-11-09 22:14:36,11.36,resolved
928,2285,Italy,kyc_verification,phone,low,2024-04-21 11:04:00,2024-04-21 20:49:36,9.76,resolved
929,2884,Spain,kyc_verification,email,low,2024-03-12 10:46:00,2024-03-12 20:58:00,10.2,resolved
930,3524,UK,card_declined,phone,low,2024-05-21 05:38:00,2024-05-21 13:08:00,7.5,resolved
931,1354,Germany,card_declined,chat,medium,2024-03-23 12:45:00,2024-03-24 00:31:48,11.78,resolved
932,2912,France,login_issue,chat,high,2024-10-25 17:40:00,2024-10-25 19:10:36,1.51,resolved
933,4716,Germany,kyc_verification,phone,medium,2024-05-13 07:18:00,2024-05-13 08:28:12,1.17,resolved
934,4089,Italy,card_declined,chat,low,2024-01-21 17:41:00,2024-01-22 01:28:24,7.79,resolved
935,2213,UK,kyc_verification,chat,high,2024-05-25 00:39:00,2024-05-25 06:37:48,5.98,resolved
936,2083,Italy,card_declined,phone,high,2024-09-20 14:40:00,2024-09-20 16:11:12,1.52,resolved
937,3573,Italy,login_issue,phone,high,2024-03-12 03:58:00,2024-03-12 06:41:48,2.73,resolved
938,2367,UK,login_issue,phone,medium,2024-01-15 00:22:00,2024-01-15 10:07:36,9.76,resolved
939,3014,Italy,card_declined,chat,high,2024-01-26 04:50:00,2024-01-26 07:47:00,2.95,resolved
940,3624,Spain,kyc_verification,phone,high,2024-08-28 03:36:00,2024-08-28 15:05:24,11.49,resolved
941,3041,Italy,payment_failed,chat,high,2024-03-30 09:38:00,2024-03-30 10:35:00,0.95,resolved
942,4993,Germany,kyc_verification,email,critical,2024-10-12 12:47:00,2024-10-13 00:18:12,11.52,resolved
943,1435,France,payment_failed,chat,critical,2024-01-21 23:46:00,2024-01-22 08:09:24,8.39,resolved
944,4524,Spain,card_declined,phone,high,2024-03-01 10:51:00,2024-03-01 12:36:00,1.75,resolved
945,3234,Spain,kyc_verification,email,critical,2024-02-05 19:13:00,2024-02-06 03:26:48,8.23,resolved
946,1183,Italy,login_issue,phone,critical,2024-06-04 02:50:00,2024-06-04 06:41:00,3.85,resolved
947,3624,Spain,payment_failed,email,critical,2024-11-22 06:49:00,2024-11-22 17:06:24,10.29,resolved
948,2914,Italy,card_declined,phone,critical,2024-12-05 04:07:00,2024-12-05 11:13:00,7.1,resolved
949,4557,France,payment_failed,email,medium,2024-05-04 12:06:00,2024-05-04 22:06:36,10.01,resolved
950,1404,UK,payment_failed,chat,high,2024-11-12 13:52:00,2024-11-12 19:23:48,5.53,resolved
951,1338,Spain,kyc_verification,email,high,2024-03-13 00:48:00,2024-03-13 07:59:24,7.19,resolved
952,4952,France,card_declined,phone,critical,2024-02-06 05:04:00,2024-02-06 10:02:12,4.97,resolved
953,3255,France,login_issue,phone,medium,2024-09-08 04:47:00,2024-09-08 07:11:00,2.4,resolved
954,1810,France,card_declined,email,critical,2024-08-18 06:05:00,2024-08-18 12:05:36,6.01,resolved
955,2532,Spain,kyc_verification,email,critical,2024-11-17 12:51:00,2024-11-17 20:45:00,7.9,resolved
956,4773,Spain,kyc_verification,phone,medium,2024-06-21 21:30:00,2024-06-22 03:25:48,5.93,resolved
957,3375,Italy,payment_failed,email,high,2024-07-29 01:06:00,2024-07-29 11:52:48,10.78,resolved
958,4263,Italy,login_issue,email,critical,2024-01-09 05:28:00,2024-01-09 09:29:48,4.03,resolved
959,4269,Italy,payment_failed,email,medium,2024-12-11 16:18:00,2024-12-11 19:53:24,3.59,resolved
960,3797,Germany,kyc_verification,email,medium,2024-03-22 09:24:00,2024-03-22 15:28:12,6.07,resolved
961,2119,Spain,login_issue,phone,critical,2024-03-09 08:59:00,2024-03-09 10:29:00,1.5,resolved
962,2094,Germany,kyc_verification,email,critical,2024-08-12 21:18:00,2024-08-12 22:04:12,0.77,resolved
963,4455,Germany,card_declined,chat,medium,2024-04-27 11:29:00,2024-04-27 13:10:24,1.69,resolved
964,3773,Germany,login_issue,chat,medium,2024-12-10 04:03:00,2024-12-10 14:53:24,10.84,resolved
965,2818,France,card_declined,phone,critical,2024-06-27 21:01:00,2024-06-27 22:56:12,1.92,resolved
966,4617,France,card_declined,phone,critical,2024-03-07 02:56:00,2024-03-07 12:15:48,9.33,resolved
967,4643,Italy,login_issue,chat,low,2024-11-01 21:02:00,2024-11-02 04:05:36,7.06,resolved
968,4935,Germany,card_declined,chat,high,2024-03-07 06:20:00,2024-03-07 10:02:36,3.71,resolved
969,1538,UK,payment_failed,phone,medium,2024-03-15 16:15:00,2024-03-16 02:06:00,9.85,resolved
970,2451,UK,card_declined,phone,high,2024-02-01 10:37:00,2024-02-01 16:56:12,6.32,resolved
971,3670,Germany,card_declined,chat,high,2024-09-13 17:52:00,2024-09-14 05:49:00,11.95,resolved
972,1123,Italy,payment_failed,chat,medium,2024-01-02 13:25:00,2024-01-02 14:32:12,1.12,resolved
973,1209,UK,kyc_verification,chat,low,2024-12-10 04:04:00,2024-12-10 13:46:36,9.71,resolved
974,2564,Germany,login_issue,email,medium,2024-01-25 08:39:00,2024-01-25 18:21:00,9.7,resolved
975,2055,Italy,login_issue,email,critical,2024-05-14 03:00:00,2024-05-14 08:00:00,5.0,resolved
976,4238,Italy,payment_failed,email,medium,2024-02-06 23:17:00,2024-02-07 00:39:48,1.38,resolved
977,3860,Spain,payment_failed,chat,low,2024-10-31 23:00:00,2024-11-01 05:39:36,6.66,resolved
978,4746,France,kyc_verification,phone,medium,2024-04-22 03:42:00,2024-04-22 05:07:12,1.42,resolved
979,2028,UK,kyc_verification,chat,medium,2024-03-28 17:44:00,2024-03-29 03:00:48,9.28,resolved
980,1256,France,kyc_verification,phone,medium,2024-08-02 20:32:00,2024-08-02 23:08:36,2.61,resolved
981,4565,Spain,payment_failed,email,high,2024-05-14 07:50:00,2024-05-14 13:54:12,6.07,resolved
982,4453,Italy,kyc_verification,phone,high,2024-09-03 23:49:00,2024-09-04 07:40:36,7.86,resolved
983,2431,Italy,login_issue,email,high,2024-10-11 14:20:00,2024-10-12 00:50:00,10.5,resolved
984,2344,Spain,login_issue,phone,low,2024-04-25 20:04:00,2024-04-26 05:59:48,9.93,resolved
985,1853,Germany,card_declined,email,critical,2024-11-26 12:11:00,2024-11-26 18:35:36,6.41,resolved
986,1525,Italy,payment_failed,email,low,2024-01-11 17:41:00,2024-01-12 00:05:36,6.41,resolved
987,2646,France,payment_failed,phone,high,2024-06-30 04:00:00,2024-06-30 11:18:36,7.31,resolved
988,2999,Germany,login_issue,email,high,2024-08-18 06:00:00,2024-08-18 14:08:24,8.14,resolved
989,1012,France,card_declined,chat,high,2024-01-08 23:56:00,2024-01-09 06:13:24,6.29,resolved
990,3685,UK,login_issue,email,high,2024-02-12 17:14:00,2024-02-13 03:52:24,10.64,resolved
991,4468,Germany,login_issue,email,low,2024-03-30 18:54:00,2024-03-31 06:45:36,11.86,resolved
992,4793,UK,login_issue,phone,low,2024-07-05 19:32:00,2024-07-06 02:44:00,7.2,resolved
993,3876,Germany,payment_failed,chat,low,2024-12-13 02:27:00,2024-12-13 02:52:12,0.42,resolved
994,3464,Italy,card_declined,email,low,2024-10-07 20:18:00,2024-10-08 03:52:12,7.57,resolved
995,4042,Germany,payment_failed,phone,medium,2024-01-27 04:56:00,2024-01-27 14:57:12,10.02,resolved
996,2423,UK,login_issue,chat,medium,2024-01-17 13:59:00,2024-01-17 14:19:24,0.34,resolved
997,4665,UK,card_declined,phone,medium,2024-11-04 21:12:00,2024-11-05 07:25:48,10.23,resolved
998,1419,UK,payment_failed,email,critical,2024-04-05 19:54:00,2024-04-06 04:23:24,8.49,resolved
999,4912,France,kyc_verification,phone,medium,2024-04-20 03:17:00,2024-04-20 05:09:12,1.87,resolved
1000,1673,Italy,card_declined,email,low,2024-06-28 00:58:00,2024-06-28 09:43:36,8.76,resolved
